date,Open,High,Low,Close,Volume
2021-02-12,12.3004,12.6039,12.3004,12.23,1015037.0
2021-02-11,12.1223,12.2099,11.7623,12.29,1269554.0
2021-02-10,12.1253,12.2117,11.7895,12.38,1617002.0
2021-02-09,12.5303,12.6789,12.3999,12.59,1838244.0
2021-02-08,13.1072,13.5266,13.0967,12.8,1545721.0
2021-02-05,12.44,12.6503,12.1996,12.43,1781194.0
2021-02-04,12.7241,13.2325,12.7241,12.3,1614541.0
2021-02-03,12.2253,12.5278,12.1836,11.97,1794656.0
2021-02-02,12.1095,12.5964,12.0555,11.77,1850358.0
2021-02-01,11.3803,11.5926,11.2186,11.32,1746447.0
2021-01-29,10.9675,11.2049,10.6827,11.255,3810363.0
2021-01-28,11.6917,11.8864,11.5534,11.55,2200118.0
2021-01-27,11.16,11.78,11.032,11.16,4231134.0
2021-01-26,12.2413,12.6348,12.1349,11.87,3056886.0
2021-01-25,11.5548,11.9715,11.3985,11.32,2831517.0
2021-01-22,11.5357,11.8285,11.3265,11.28,1784295.0
2021-01-21,10.9078,10.979,10.6043,11.2,1892544.0
2021-01-20,11.7447,12.0154,11.7135,11.51,2242499.0
2021-01-19,11.0927,11.2381,10.5642,11.265,2749055.0
2021-01-15,11.1882,11.1882,10.7402,11.64,2250602.0
2021-01-14,13.332,15.0106,13.2472,12.11,4944539.0
2021-01-13,10.6656,10.7707,10.3598,10.91,1686301.0
2021-01-12,11.2707,11.4181,11.0268,11.18,1081897.0
2021-01-11,11.2154,11.576,11.2154,10.97,1102620.0
2021-01-08,10.8406,10.8406,10.5449,10.92,2137599.0
2021-01-07,10.98,11.1306,10.9198,10.96,2076387.0
2021-01-06,11.3503,11.9391,11.3503,10.87,2436807.0
2021-01-05,10.4763,10.9176,10.4447,10.22,1660786.0
2021-01-04,10.071,10.3006,10.071,9.97,2403587.0
2020-12-31,9.84,10.076,9.7296,9.82,1812976.0
2020-12-30,9.8,9.9704,9.7599,9.79,1757475.0
2020-12-29,9.77,9.79,9.585,9.77,1725698.0
2020-12-28,9.5812,9.7083,9.4297,9.69,1475982.0
2020-12-24,9.76,9.7898,9.4956,9.77,1215164.0
2020-12-23,10.1481,10.7149,10.1481,9.72,2051393.0
2020-12-22,9.3604,9.4769,9.2287,9.3,1660433.0
2020-12-21,9.26,9.4509,9.1094,9.24,2060116.0
2020-12-18,9.2021,9.2894,8.9885,9.34,4844885.0
2020-12-17,9.5415,9.7365,9.4082,9.42,1515119.0
2020-12-16,9.1051,9.1385,8.876,9.32,1509806.0
2020-12-15,9.7048,9.9453,9.5061,9.49,2203318.0
2020-12-14,8.9121,8.9544,8.4376,9.24,2097663.0
2020-12-11,9.48,9.6097,9.2555,9.49,1845663.0
2020-12-10,9.7211,9.8742,9.6598,9.62,1069115.0
2020-12-09,9.6509,9.8445,9.6305,9.56,1332797.0
2020-12-08,9.4,9.4299,9.181,9.42,2407840.0
2020-12-07,9.5902,9.7061,9.3683,9.55,1261056.0
2020-12-04,9.4417,9.5877,9.2665,9.57,1340342.0
2020-12-03,9.67,9.8207,9.4491,9.65,1831667.0
2020-12-02,9.5912,9.8,9.4819,9.5418,2115314.0
2020-12-01,9.6511,10.003,9.5707,9.5467,1677096.0
2020-11-30,8.8398,8.9303,8.4643,9.2172,2390748.0
2020-11-27,9.4744,9.5896,9.196,9.591,902693.0
2020-11-25,9.6894,9.9779,9.6601,9.7189,2367555.0
2020-11-24,9.8665,9.916,9.7477,9.8369,2904539.0
2020-11-23,9.6896,9.8831,9.5605,9.6451,2382868.0
2020-11-20,8.8313,9.0135,8.2761,9.4041,3573769.0
2020-11-19,10.3294,10.4093,10.0696,10.2501,1227737.0
2020-11-18,10.1531,10.3741,10.0283,10.2746,2513867.0
2020-11-17,10.8586,11.2334,10.7232,10.555,1790469.0
2020-11-16,10.4665,10.6291,10.3876,10.4566,2278602.0
2020-11-13,10.525,10.8909,10.4414,10.2107,1358546.0
2020-11-12,9.9633,10.2135,9.948,9.7779,1997529.0
2020-11-11,9.7017,9.7779,9.2823,9.8566,1642359.0
2020-11-10,10.0436,10.2122,10.0238,10.0041,1737410.0
2020-11-09,9.8763,10.3405,9.7775,9.8566,3023540.0
2020-11-06,8.7857,8.8585,8.4647,9.0991,2037913.0
2020-11-05,9.2813,9.5247,9.2317,9.2369,2069159.0
2020-11-04,9.9588,10.783,9.8558,9.2319,3404643.0
2020-11-03,8.8349,9.0114,8.6534,8.7253,2204821.0
2020-11-02,8.7812,9.1788,8.7006,8.4007,2214882.0
2020-10-30,7.7918,7.8976,7.5898,7.8794,2038699.0
2020-10-29,8.1973,8.4685,8.0949,8.0367,1863026.0
2020-10-28,7.7001,7.7556,7.4506,7.9433,2427881.0
2020-10-27,7.9743,8.0007,7.5254,8.4302,1801833.0
2020-10-26,8.8738,8.9509,8.7291,8.9614,1516675.0
2020-10-23,9.3261,9.4464,9.1959,9.2418,1879842.0
2020-10-22,8.6966,8.7655,8.3477,9.0008,3044873.0
2020-10-21,8.6352,8.7746,8.2394,9.0303,3956611.0
2020-10-20,9.7484,9.9731,9.6646,9.7385,3228808.0
2020-10-19,9.4838,9.6283,9.3585,9.5811,1776081.0
2020-10-16,9.5041,9.6478,9.3508,9.6303,1694484.0
2020-10-15,10.2798,10.7535,10.1554,9.8271,1421402.0
2020-10-14,9.4336,9.6496,9.414,9.4434,1164978.0
2020-10-13,9.4042,9.4823,9.2677,9.4434,1311296.0
2020-10-12,9.8424,10.1003,9.7495,9.6107,1386070.0
2020-10-09,9.3254,9.4088,9.1291,9.3352,1422628.0
2020-10-08,9.5699,9.8729,9.5385,9.286,1382783.0
2020-10-07,8.8927,9.0907,8.8035,8.863,1613339.0
2020-10-06,8.4774,8.5747,8.1856,8.7352,2043467.0
2020-10-05,9.1755,9.4571,9.1234,8.9122,1491417.0
2020-10-02,8.8661,9.2807,8.7491,8.5286,2469992.0
2020-10-01,8.2705,8.2705,7.9886,8.3712,1732655.0
2020-09-30,8.4017,8.8137,8.3816,8.3122,3191053.0
2020-09-29,8.2144,8.3395,8.1244,8.145,2085787.0
2020-09-28,8.2862,8.5887,8.2554,8.1154,2298637.0
2020-09-25,8.0984,8.4713,8.0557,7.781,2327054.0
2020-09-24,7.7972,8.1725,7.7346,7.5744,2820993.0
2020-09-23,7.0603,7.2748,6.7296,7.4072,3163125.0
2020-09-22,7.606,7.6631,7.3299,7.7318,4378964.0
2020-09-21,7.7422,7.8389,7.5779,7.8105,3576026.0
2020-09-18,7.8497,7.969,7.5651,8.1253,7007697.0
2020-09-17,8.3913,8.6008,8.3913,8.3319,3036709.0
2020-09-16,8.5902,8.845,8.468,8.4401,4178938.0
2020-09-15,8.2242,8.3645,8.142,8.2925,2714184.0
2020-09-14,8.263,8.4249,8.2239,8.2827,2649372.0
2020-09-11,8.0713,8.1462,7.8466,8.2728,2284977.0
2020-09-10,8.2034,8.3599,7.9272,8.4794,1726019.0
2020-09-09,8.494,8.494,8.2406,8.6958,1769252.0
2020-09-08,8.6973,8.7644,8.5822,8.8089,1527380.0
2020-09-04,9.1693,9.4354,9.0484,9.0598,2363404.0
2020-09-03,8.8335,9.1182,8.755,8.8434,2711819.0
2020-09-02,8.8821,8.9791,8.7656,8.8627,2230891.0
2020-09-01,8.9317,9.3079,8.8376,8.824,1932025.0
2020-08-31,8.5594,8.6236,8.33,8.7854,2641768.0
2020-08-28,9.0564,9.1347,8.9552,8.998,1289997.0
2020-08-27,9.3908,9.9394,9.3424,8.9014,3684699.0
2020-08-26,8.2953,8.3325,8.1182,8.4471,1378869.0
2020-08-25,8.4197,8.5232,8.2833,8.5341,1746449.0
2020-08-24,8.6812,8.8609,8.5715,8.5438,1763926.0
2020-08-21,8.2348,8.3207,8.1392,8.2828,1508591.0
2020-08-20,8.3601,8.5341,8.3215,8.3601,1433321.0
2020-08-19,8.5642,8.7917,8.5247,8.4664,1278336.0
2020-08-18,8.256,8.3917,8.0781,8.3891,1555496.0
2020-08-17,8.4015,8.4015,8.1964,8.5534,1418532.0
2020-08-14,8.9508,9.4123,8.93,8.6404,1340831.0
2020-08-13,8.3417,8.4553,8.2139,8.4278,1446932.0
2020-08-12,8.2191,8.2816,7.8086,8.5534,1796196.0
2020-08-11,8.6226,8.8862,8.4249,8.7371,2164162.0
2020-08-10,8.7088,8.8515,8.5513,8.6307,1999899.0
2020-08-07,8.81,9.2095,8.7049,8.4471,2494888.0
2020-08-06,8.0528,8.1465,7.8981,8.1765,1638849.0
2020-08-05,8.6833,9.0608,8.6623,8.336,2028129.0
2020-08-04,8.0229,8.1318,7.8943,7.93,2143479.0
2020-08-03,7.7052,7.7146,7.4717,7.8382,2895790.0
2020-07-31,7.7029,7.7417,7.4219,7.6933,4649254.0
2020-07-30,7.674,7.77,7.5397,7.7029,3106162.0
2020-07-29,7.8962,7.9348,7.7374,7.9107,2793305.0
2020-07-28,7.7542,7.8937,7.5311,7.9059,3839111.0
2020-07-27,8.3825,8.7697,8.1628,8.0557,5153748.0
2020-07-24,7.6937,7.8365,7.5889,7.7512,2392847.0
2020-07-23,8.0049,8.235,7.9449,7.8672,4307795.0
2020-07-22,7.4331,7.4421,6.9573,7.7126,6200422.0
2020-07-21,7.7217,8.2298,7.679,7.3405,4609750.0
2020-07-20,6.7375,6.7752,6.5679,6.8234,1884704.0
2020-07-17,6.6603,6.6961,6.3389,6.9297,1780313.0
2020-07-16,7.3569,7.5765,7.2471,7.239,2628807.0
2020-07-15,7.4325,7.776,7.3024,7.1617,2685910.0
2020-07-14,6.9934,7.2494,6.9012,6.7944,2193114.0
2020-07-13,6.3957,6.459,6.1153,6.6108,2818662.0
2020-07-10,7.2298,7.8492,7.1848,6.6978,3122059.0
2020-07-09,5.8977,5.9235,5.5151,6.2532,3619598.0
2020-07-08,6.7872,6.9699,6.6767,6.6591,2426228.0
2020-07-07,6.2229,6.2403,5.8921,6.5576,2868861.0
2020-07-06,7.1046,7.2627,6.9465,7.0264,5133603.0
2020-07-02,6.4627,6.5989,6.2267,6.6688,2671006.0
2020-07-01,6.5832,6.7982,6.4,6.6784,2224486.0
2020-06-30,6.6711,6.8388,6.5313,6.7944,3075181.0
2020-06-29,6.9589,7.045,6.6435,6.9974,4635779.0
2020-06-26,6.4859,6.5753,6.0571,6.7461,27749821.0
2020-06-25,7.2796,7.4543,7.1697,7.1617,4468826.0
2020-06-24,6.8203,6.893,6.5202,7.0312,4075492.0
2020-06-23,7.1662,7.2674,6.927,7.3453,4340472.0
2020-06-22,7.4517,7.6466,7.4323,7.4226,4045368.0
2020-06-19,7.1168,7.1255,6.6319,7.5193,9397587.0
2020-06-18,8.0399,8.4115,7.9573,7.7802,2708761.0
2020-06-17,7.503,7.5402,7.2894,7.6546,3338071.0
2020-06-16,7.4858,7.4858,7.0251,7.8189,2197100.0
2020-06-15,8.4703,9.4757,8.3317,7.7464,3210191.0
2020-06-12,7.3295,7.3897,6.8668,7.4903,2259808.0
2020-06-11,7.1237,7.3987,6.8296,7.1907,4322257.0
2020-06-10,7.1931,7.2432,6.6835,7.7367,2704216.0
2020-06-09,8.2473,8.3403,7.6755,8.4085,2869075.0
2020-06-08,9.0092,9.2672,8.9814,8.8917,3574921.0
2020-06-05,8.4099,8.7112,8.1509,8.5196,3782679.0
2020-06-04,8.163,8.4283,7.9691,7.9445,3196156.0
2020-06-03,7.9488,8.2171,7.8991,7.7644,5109418.0
2020-06-02,7.5867,7.9503,7.5867,7.4516,2679188.0
2020-06-01,7.4661,7.9109,7.3612,7.2714,2299441.0
2020-05-29,6.9876,7.1179,6.8388,7.0534,2304616.0
2020-05-28,7.1056,7.1056,6.7454,7.2904,1505493.0
2020-05-27,7.4726,7.6295,7.2814,7.3473,3212471.0
2020-05-26,6.9018,7.0523,6.7984,6.9301,3037863.0
2020-05-22,6.3614,6.4141,6.089,6.6078,1581106.0
2020-05-21,6.9819,7.2213,6.9819,6.8069,2096319.0
2020-05-20,6.8664,7.1723,6.8171,6.7311,2136712.0
2020-05-19,6.1973,6.2831,5.8969,6.513,2508734.0
2020-05-18,7.2692,7.7085,7.2692,6.9207,2631346.0
2020-05-15,6.2487,6.3964,6.0733,6.3329,1374627.0
2020-05-14,7.0913,8.0635,7.0284,6.4561,2237828.0
2020-05-13,5.6473,5.7369,5.1502,6.0911,1809053.0
2020-05-12,6.3153,6.4681,5.9588,6.6742,1810501.0
2020-05-11,6.7388,6.7655,6.495,6.9681,2529687.0
2020-05-08,7.3852,7.5091,7.1994,7.3662,1435859.0
2020-05-07,7.5805,8.2415,7.5805,7.1482,1838751.0
2020-05-06,6.3108,6.3581,5.9884,6.6268,3583821.0
2020-05-05,6.6319,6.8877,6.4075,6.8164,3129008.0
2020-05-04,7.1519,7.5452,6.9035,6.8448,2617803.0
2020-05-01,6.3655,6.4261,5.9931,6.66,2872661.0
2020-04-30,6.8895,6.8981,6.4497,7.224,2311348.0
2020-04-29,8.2642,8.9769,8.2642,7.8023,2891888.0
2020-04-28,6.9702,7.19,6.5168,7.0913,3288374.0
2020-04-27,7.3344,7.772,7.1417,6.9965,3127981.0
2020-04-24,6.9825,7.456,6.816,6.6647,2728709.0
2020-04-23,6.3803,6.6846,6.1901,6.3708,2106766.0
2020-04-22,6.0999,6.3973,5.8116,6.257,4100877.0
2020-04-21,6.0179,6.1418,5.6905,6.2286,3220500.0
2020-04-20,6.5177,6.7425,6.248,6.6931,2664919.0
2020-04-17,7.0824,7.3709,6.7939,7.1482,2263772.0
2020-04-16,6.7696,6.9277,6.472,6.8353,1838280.0
2020-04-15,6.8558,6.8788,6.5522,6.9586,1437691.0
2020-04-14,7.0367,7.156,6.5426,7.4231,1989323.0
2020-04-13,7.4018,7.5713,6.9113,7.6317,1512216.0
2020-04-09,7.8782,8.2502,7.6398,7.8545,2664769.0
2020-04-08,7.4472,7.832,7.2472,7.2525,2204344.0
2020-04-07,6.8457,7.5868,6.7346,6.9254,3172579.0
2020-04-06,7.1945,7.8893,7.1161,6.6173,3164266.0
2020-04-03,5.4985,5.8132,5.1751,5.7261,2651347.0
2020-04-02,5.5482,5.6609,4.9,6.02,4162155.0
2020-04-01,6.5156,6.6933,6.2696,6.6457,2525316.0
2020-03-31,6.7165,6.9401,6.1036,7.1861,3206926.0
2020-03-30,7.8714,8.0485,7.0842,7.7265,3021491.0
2020-03-27,7.8878,8.3763,7.6435,7.6127,2386751.0
2020-03-26,7.6223,8.3328,7.4717,7.6506,3097552.0
2020-03-25,8.1239,9.8795,7.7858,7.5748,5206690.0
2020-03-24,7.3677,8.6813,7.282,6.7121,3787515.0
2020-03-23,5.8025,6.0637,5.2997,5.7451,3237419.0
2020-03-20,5.2426,5.5567,4.7272,5.6882,7680403.0
2020-03-19,7.5229,9.8767,7.2353,5.9537,4465267.0
2020-03-18,4.2704,4.6244,3.1316,4.7402,5657719.0
2020-03-17,4.4572,4.5164,3.152,5.6408,4825134.0
2020-03-16,6.5688,6.7101,6.1063,6.9112,2590202.0
2020-03-13,8.1257,8.3944,7.3475,8.2195,4210331.0
2020-03-12,7.1061,7.6935,6.5921,7.6601,3328320.0
2020-03-11,8.8385,9.0947,8.4634,8.9969,4506702.0
2020-03-10,9.8454,10.2347,9.3844,9.4709,2786560.0
2020-03-09,8.0319,8.156,7.4943,8.5987,3182765.0
2020-03-06,10.4426,11.143,10.2649,9.9449,7751116.0
2020-03-05,9.7665,9.905,9.5357,9.8975,4097906.0
2020-03-04,10.6223,10.9062,10.2111,10.3737,3657688.0
2020-03-03,9.1468,9.2106,8.3413,9.8975,4802723.0
2020-03-02,11.0805,11.355,10.7078,10.8125,3995507.0
2020-02-28,10.9032,11.3676,10.8528,10.4857,6210662.0
2020-02-27,10.1547,10.3628,9.604,10.5371,2843090.0
2020-02-26,10.7755,10.7755,10.3369,11.2281,1883156.0
2020-02-25,10.9055,10.9137,10.1565,11.6155,2228386.0
2020-02-24,11.9387,11.991,11.5251,12.3625,1903739.0
2020-02-21,13.074,13.1652,12.8461,13.2309,1292870.0
2020-02-20,13.6053,13.8047,13.5768,13.4923,1280450.0
2020-02-19,13.4177,13.5209,13.3192,13.385,2379977.0
2020-02-18,13.159,13.2951,12.9142,13.3523,824203.0
2020-02-14,13.4384,13.5204,13.2015,13.6044,1428256.0
2020-02-13,13.8194,13.9982,13.7629,13.7631,1238853.0
2020-02-12,13.9711,14.2302,13.9327,13.7818,1438052.0
2020-02-11,13.9034,14.3071,13.7852,13.539,1241489.0
2020-02-10,13.2884,13.4888,13.2789,13.1469,914103.0
2020-02-07,13.119,13.2504,13.0344,13.0815,1204344.0
2020-02-06,13.1097,13.2116,12.9524,13.1655,1279579.0
2020-02-05,13.1938,13.335,13.1279,13.1375,1246349.0
2020-02-04,12.6389,12.7464,12.3478,12.9041,3126461.0
2020-02-03,12.6482,12.7311,12.1943,13.0815,2328430.0
2020-01-31,13.0548,13.0724,12.6752,13.427,1968238.0
2020-01-30,13.9032,14.0617,13.7167,13.9125,2449809.0
2020-01-29,14.034,14.2964,14.0293,14.0059,1237093.0
2020-01-28,14.0808,14.4008,13.7994,14.0246,2608222.0
2020-01-27,13.7725,13.8749,13.6794,13.7911,3458565.0
2020-01-24,13.8338,13.8427,13.4385,14.1039,1674468.0
2020-01-23,14.6344,14.8939,14.5768,14.4261,2985396.0
2020-01-22,15.2596,16.5962,15.2596,14.174,4830196.0
2020-01-21,12.9883,13.12,12.9225,12.9414,2281634.0
2020-01-17,13.1502,13.4201,13.1502,12.9414,1703413.0
2020-01-16,12.7454,12.8204,12.6798,12.7173,2006135.0
2020-01-15,12.6334,12.7272,12.5349,12.6053,1331015.0
2020-01-14,12.7744,12.9645,12.7744,12.6613,1481905.0
2020-01-13,12.6709,12.7369,12.5013,12.6146,1624328.0
2020-01-10,12.4379,12.4793,12.3275,12.5306,1555236.0
2020-01-09,12.652,12.7079,12.5589,12.6707,1392280.0
2020-01-08,12.8771,13.0671,12.8305,12.764,1180111.0
2020-01-07,12.7267,12.9143,12.6892,12.6987,1302510.0
2020-01-06,12.8306,12.9924,12.8068,12.708,1727853.0
2020-01-03,12.6987,12.8769,12.5674,12.6707,1261215.0
2020-01-02,12.6435,12.6435,12.4691,12.75,2167227.0
2019-12-31,12.8014,12.8671,12.7499,12.7734,1799631.0
2019-12-30,12.6989,12.7544,12.6295,12.7547,800103.0
2019-12-27,12.7365,12.8112,12.6442,12.8107,635728.0
2019-12-26,12.784,12.8115,12.6193,12.9134,719654.0
2019-12-24,13.0161,13.1003,12.9741,13.0068,369238.0
2019-12-23,13.0539,13.172,13.0067,12.9788,1643428.0
2019-12-20,12.6915,12.8189,12.4823,12.8574,4699598.0
2019-12-19,12.9609,13.0161,12.823,13.0628,1408338.0
2019-12-18,13.0918,13.0918,12.9082,13.2029,996074.0
2019-12-17,13.3526,13.4846,13.3149,13.2869,1554076.0
2019-12-16,13.1007,13.1745,12.9901,13.1842,2209543.0
2019-12-13,13.3542,13.6316,13.2777,13.1935,1672378.0
2019-12-12,13.0545,13.235,13.0165,12.9414,2776999.0
2019-12-11,12.7185,12.7185,12.5306,12.8387,1332247.0
2019-12-10,12.8761,12.932,12.8109,12.8948,2916921.0
2019-12-09,12.6739,12.7372,12.4749,12.8761,1547132.0
2019-12-06,13.1378,13.3689,13.1378,13.0722,2471798.0
2019-12-05,12.895,12.9598,12.8024,12.9508,1210941.0
2019-12-04,12.9234,12.9325,12.7589,12.9877,1690433.0
2019-12-03,12.7665,12.7848,12.5197,12.8308,1352211.0
2019-12-02,12.6897,12.7426,12.372,12.9785,2121333.0
2019-11-29,13.4239,13.7036,13.4239,13.2462,651368.0
2019-11-27,13.2839,13.5032,13.1808,13.1815,1669036.0
2019-11-26,12.9065,12.9696,12.7352,13.0615,1970716.0
2019-11-25,13.1449,13.3369,13.0809,13.2092,1662042.0
2019-11-22,13.32,13.408,13.2182,13.3015,700288.0
2019-11-21,13.09,13.1036,12.8991,13.1908,928485.0
2019-11-20,13.2463,13.4229,13.2184,13.2,1268167.0
2019-11-19,13.2185,13.3112,13.1444,13.1908,915393.0
2019-11-18,13.0894,13.1627,12.9932,13.1354,1090402.0
2019-11-15,12.981,12.981,12.7925,13.1631,729131.0
2019-11-14,13.3671,13.522,13.3014,13.2554,873656.0
2019-11-13,13.237,13.3299,13.121,13.2,893973.0
2019-11-12,13.2559,13.2559,13.1283,13.3385,1017734.0
2019-11-11,13.6475,14.0111,13.6187,13.4031,1515255.0
2019-11-08,13.154,13.209,13.044,13.2,1076785.0
2019-11-07,13.2369,13.3476,13.1171,13.2462,1180876.0
2019-11-06,13.034,13.1807,12.9332,13.08,1619693.0
2019-11-05,13.3584,13.6506,13.349,13.2185,2039837.0
2019-11-04,12.96,13.0016,12.8675,12.9462,1854502.0
2019-11-01,12.7755,12.8581,12.6287,12.8123,1487535.0
2019-10-31,12.6191,12.6646,12.2461,12.7108,3335288.0
2019-10-30,12.6852,12.6852,12.3793,12.8492,1388823.0
2019-10-29,13.1837,13.5057,13.1458,13.0154,1782672.0
2019-10-28,13.3266,13.8909,13.3167,12.8677,1920834.0
2019-10-25,13.1474,13.7186,13.1474,12.6185,1819796.0
2019-10-24,12.2605,12.4311,12.1942,12.1015,2145644.0
2019-10-23,12.2475,12.7521,11.8981,11.9446,2551513.0
2019-10-22,11.3273,11.4968,11.2143,11.2154,2330832.0
2019-10-21,11.0957,11.2588,11.077,11.04,1262155.0
2019-10-18,10.7641,10.8003,10.6328,10.8692,1115390.0
2019-10-17,11.0683,11.2089,11.0402,10.9846,1274679.0
2019-10-16,10.7918,10.914,10.6605,10.8969,1628943.0
2019-10-15,11.3508,11.6363,11.2734,11.0862,1863534.0
2019-10-14,10.7635,10.8638,10.5902,10.8277,1051578.0
2019-10-11,11.1732,11.5377,11.1732,10.9615,1884456.0
2019-10-10,10.7273,10.9818,10.6661,10.6154,2037155.0
2019-10-09,10.3671,10.4396,10.2404,10.4677,1653474.0
2019-10-08,10.4868,10.564,10.3914,10.5692,1736977.0
2019-10-07,10.9497,11.2439,10.9118,10.8,2394844.0
2019-10-04,10.7262,10.855,10.5514,10.7446,2018817.0
2019-10-03,10.9029,11.0351,10.7424,10.7815,3102609.0
2019-10-02,10.3938,10.4286,10.0543,10.7031,3442230.0
2019-10-01,10.3787,10.4797,9.7083,11.0954,1924765.0
2019-09-30,11.8246,11.8755,11.686,11.8154,1545809.0
2019-09-27,11.4915,11.5571,11.1764,11.8015,1212148.0
2019-09-26,11.9549,12.0999,11.7645,12.0646,2038575.0
2019-09-25,12.3616,12.626,12.3333,12.2215,1333118.0
2019-09-24,11.9114,12.0629,11.6974,12.12,1937073.0
2019-09-23,12.5856,12.9397,12.509,12.36,1585144.0
2019-09-20,12.2494,12.5191,12.2308,12.2031,4851442.0
2019-09-19,12.002,12.137,11.7951,12.1569,1756071.0
2019-09-18,12.3979,12.5859,12.2663,12.2862,1465986.0
2019-09-17,12.2123,12.3044,12.0651,12.2308,1627474.0
2019-09-16,12.5377,12.77,12.4428,12.3692,1594477.0
2019-09-13,12.1398,12.2573,11.9861,12.2677,1545661.0
2019-09-12,12.1576,12.2031,11.9939,12.2492,1391250.0
2019-09-11,12.453,12.5467,12.2515,12.36,1630808.0
2019-09-10,12.4082,12.6687,12.3703,12.2492,2079245.0
2019-09-09,12.3176,12.5759,12.289,12.1015,1562480.0
2019-09-06,11.751,11.7968,11.6139,11.8062,1110447.0
2019-09-05,11.9086,12.1622,11.9086,11.8062,1184739.0
2019-09-04,11.5053,11.569,11.3327,11.5235,1568921.0
2019-09-03,11.3238,11.4493,11.064,11.4233,1590414.0
2019-08-30,11.4795,11.5241,11.2035,11.6147,1235083.0
2019-08-29,11.6878,11.807,11.5685,11.6512,1093166.0
2019-08-28,11.5997,11.8827,11.5432,11.405,894188.0
2019-08-27,10.853,10.853,10.47,11.2318,1156433.0
2019-08-26,11.6516,11.8501,11.5593,11.5782,1587781.0
2019-08-23,10.9544,11.0818,10.5298,11.3503,1200316.0
2019-08-22,11.6187,11.6626,11.3902,11.8335,1374693.0
2019-08-21,11.8974,11.9881,11.8248,11.9247,1309384.0
2019-08-20,11.6366,11.6982,11.4341,11.8426,1378599.0
2019-08-19,12.1801,12.2858,12.0653,12.1344,1110997.0
2019-08-16,12.2406,12.5743,12.2311,11.9703,1016459.0
2019-08-15,11.4987,11.5607,11.2686,11.6694,841674.0
2019-08-14,11.6078,11.7675,11.4305,11.7697,1558879.0
2019-08-13,12.3268,12.6146,12.2433,12.2164,2009430.0
2019-08-12,11.9358,11.9535,11.7313,12.0888,1918611.0
2019-08-09,12.3077,12.4074,12.2352,12.344,2151947.0
2019-08-08,12.667,13.0354,12.667,12.4443,2582659.0
2019-08-07,12.499,12.9323,12.4384,12.1617,2070980.0
2019-08-06,12.2542,12.6221,12.068,12.1252,2622269.0
2019-08-05,11.5607,11.5865,11.0614,11.8973,4069503.0
2019-08-02,12.2752,12.3016,11.9762,12.499,1174932.0
2019-08-01,12.5207,12.5736,12.1148,12.7269,1791280.0
2019-07-31,12.7292,12.8446,12.4984,12.9002,2114281.0
2019-07-30,13.2307,13.4695,13.1652,13.0552,2047098.0
2019-07-29,13.0925,13.3985,13.0925,12.9822,1759965.0
2019-07-26,12.6566,12.7275,12.4084,12.8364,3141439.0
2019-07-25,12.2781,12.4631,11.5955,12.9275,6159010.0
2019-07-24,14.8282,16.597,14.8282,13.7571,6085489.0
2019-07-23,12.7032,12.972,12.6655,12.4899,1944445.0
2019-07-22,12.1176,12.2336,11.9661,12.2529,1384482.0
2019-07-19,12.2179,12.3428,12.0708,12.3532,1185177.0
2019-07-18,12.6747,12.9559,12.6747,12.499,1200861.0
2019-07-17,12.3623,12.486,12.2616,12.3349,1668900.0
2019-07-16,12.445,12.6393,12.4358,12.3532,1599341.0
2019-07-15,11.9927,11.9927,11.7203,12.2164,1297801.0
2019-07-12,12.6867,13.0478,12.6392,12.4261,1551439.0
2019-07-11,12.1253,12.1662,12.0069,12.1344,1711986.0
2019-07-10,12.0979,12.2802,12.0432,12.0979,2684867.0
2019-07-09,11.8733,11.8733,11.6615,12.0705,3953193.0
2019-07-08,11.8244,11.9173,11.3602,12.2893,2076322.0
2019-07-05,13.0677,13.3221,13.0395,12.8546,1325615.0
2019-07-03,12.7916,12.9259,12.7545,12.6905,993617.0
2019-07-02,12.7752,12.9958,12.7471,12.5902,1315483.0
2019-07-01,12.3093,12.4607,12.051,12.4534,1475324.0
2019-06-28,12.686,12.9702,12.5344,12.4443,3647069.0
2019-06-27,12.3481,12.6459,12.3386,12.1252,1367225.0
2019-06-26,11.7972,11.9058,11.7339,11.8426,1277643.0
2019-06-25,11.861,11.9802,11.6959,11.8244,1523222.0
2019-06-24,11.3077,11.3077,10.8219,11.797,1274988.0
2019-06-21,12.1527,12.2797,12.0347,12.1799,3604094.0
2019-06-20,12.317,12.3999,12.2019,12.2529,1452724.0
2019-06-19,12.025,12.1566,11.898,12.0523,1438149.0
2019-06-18,12.1623,12.458,12.1161,12.0797,1411197.0
2019-06-17,11.7904,11.9144,11.5778,11.9611,1717706.0
2019-06-14,12.1435,12.1708,11.8932,12.1526,1062304.0
2019-06-13,12.1891,12.2119,12.0202,12.1799,1063304.0
2019-06-12,11.89,11.89,11.6007,12.0341,1220952.0
2019-06-11,12.0621,12.2103,11.9184,12.1526,1522527.0
2019-06-10,12.2358,12.4683,12.2312,12.1161,1242173.0
2019-06-07,11.7441,11.7441,11.5751,11.8882,892275.0
2019-06-06,12.0526,12.1446,11.887,11.9976,1009228.0
2019-06-05,11.7564,11.7915,11.5369,11.9075,1151517.0
2019-06-04,12.405,12.9219,12.3811,12.0336,1446602.0
2019-06-03,11.4674,11.6792,11.3261,11.5833,2105658.0
2019-05-31,11.7725,11.8449,11.5915,11.7454,2349046.0
2019-05-30,11.7646,11.9191,11.5791,11.8805,1200262.0
2019-05-29,11.9618,12.0344,11.8755,11.9165,1150634.0
2019-05-28,11.8805,12.0691,11.8536,11.8985,1269159.0
2019-05-24,12.0997,12.3276,12.0997,11.9075,778399.0
2019-05-23,11.5047,11.5047,11.216,11.6734,1253005.0
2019-05-22,11.6952,11.7734,11.4519,11.9075,943688.0
2019-05-21,12.3227,12.5149,12.3227,12.2228,1191136.0
2019-05-20,12.0156,12.1505,11.9347,12.0246,1095397.0
2019-05-17,12.169,12.3598,12.169,12.1147,938710.0
2019-05-16,12.1509,12.3297,12.0481,12.1958,1308385.0
2019-05-15,12.5094,12.8217,12.4527,12.2048,1902381.0
2019-05-14,12.0698,12.2782,11.9837,12.0336,1618695.0
2019-05-13,11.6696,11.9114,11.4148,11.9165,1308785.0
2019-05-10,12.6493,12.8912,12.5424,12.448,1104632.0
2019-05-09,12.3676,12.4681,12.1939,12.2768,1276190.0
2019-05-08,12.2143,12.3654,12.1076,12.2948,1057154.0
2019-05-07,12.4571,12.625,12.4118,12.4119,1039339.0
2019-05-06,12.7763,13.0845,12.5989,12.5471,1409446.0
2019-05-03,12.5923,12.7013,12.4788,12.538,1220734.0
2019-05-02,12.6395,12.834,12.6395,12.466,2074255.0
2019-05-01,12.3584,12.5501,12.2124,12.2768,2390173.0
2019-04-30,12.4924,12.8531,12.4354,12.1687,2050075.0
2019-04-29,11.7999,11.8444,11.6931,11.8715,1586773.0
2019-04-26,11.9166,12.0659,11.8035,11.8895,1709315.0
2019-04-25,11.8715,12.1054,11.8176,11.8805,3668305.0
2019-04-24,12.1126,12.6848,12.0544,11.6734,2264205.0
2019-04-23,11.4918,11.8145,11.4633,11.196,2363960.0
2019-04-22,10.738,10.7733,10.584,10.8627,1409330.0
2019-04-18,10.9708,11.0248,10.8719,10.9798,1274414.0
2019-04-17,10.7498,10.7498,10.4899,10.9618,1598981.0
2019-04-16,11.1329,11.2051,11.0247,11.1239,1057871.0
2019-04-15,10.936,10.9889,10.7949,11.0519,954450.0
2019-04-12,11.2686,11.4377,11.1864,11.187,1116233.0
2019-04-11,10.9169,10.9616,10.7737,10.9528,971816.0
2019-04-10,11.1083,11.3032,11.0944,10.9438,1080446.0
2019-04-09,10.4645,10.473,10.1821,10.7366,1328500.0
2019-04-08,11.0972,11.1608,10.9653,11.0428,1831917.0
2019-04-05,10.8902,10.9658,10.7924,10.9618,1081642.0
2019-04-04,11.1624,11.3387,11.0881,10.9978,1430929.0
2019-04-03,10.8723,11.0735,10.8723,10.7906,1216334.0
2019-04-02,10.435,10.53,10.1931,10.6555,1457559.0
2019-04-01,11.2617,11.6464,11.2425,10.8987,1516501.0
2019-03-29,10.1751,10.2567,9.9089,10.4213,1941026.0
2019-03-28,10.7023,10.8918,10.7023,10.5655,1189326.0
2019-03-27,10.3319,10.4117,10.2432,10.4123,1793376.0
2019-03-26,10.4215,10.5019,10.2608,10.4664,1466700.0
2019-03-25,10.4574,10.6291,10.358,10.4394,1316855.0
2019-03-22,10.1249,10.1249,9.7267,10.4394,1694731.0
2019-03-21,11.1313,11.5109,11.0744,10.8447,1272192.0
2019-03-20,10.4773,10.4773,10.2757,10.6195,1779668.0
2019-03-19,10.5434,10.5521,10.3018,10.7726,1408123.0
2019-03-18,10.9618,11.0886,10.9618,10.9348,1307097.0
2019-03-15,11.0096,11.2234,10.9817,10.8357,4576211.0
2019-03-14,10.7188,10.855,10.7006,10.6736,1651955.0
2019-03-13,10.6105,10.6554,10.5118,10.6285,1553679.0
2019-03-12,10.5655,11.122,10.3949,10.5835,2474369.0
2019-03-11,10.5745,10.6284,10.3767,10.5835,1412886.0
2019-03-08,10.8333,11.2216,10.8144,10.5655,1312027.0
2019-03-07,10.1224,10.1267,9.832,10.3943,1541508.0
2019-03-06,10.4517,10.4604,10.2691,10.6375,1881833.0
2019-03-05,10.7816,10.9255,10.7637,10.7906,1744891.0
2019-03-04,10.8541,11.0054,10.7561,10.9167,2157673.0
2019-03-01,10.8908,10.9526,10.7583,10.9978,2054371.0
2019-02-28,10.7517,10.7517,10.5024,11.0068,2460990.0
2019-02-27,11.0785,11.0785,10.912,11.158,1733175.0
2019-02-26,11.247,11.3411,11.1754,11.2024,2243011.0
2019-02-25,11.2651,11.4092,11.2291,11.1935,2563109.0
2019-02-22,11.0958,11.1495,10.9795,11.0602,1583554.0
2019-02-21,11.3021,11.6807,11.2264,10.9535,3545265.0
2019-02-20,11.1153,11.1413,10.8812,11.2558,4288196.0
2019-02-19,11.5796,11.893,11.3491,11.3713,6228747.0
2019-02-15,10.4557,10.612,10.3752,10.4289,1754283.0
2019-02-14,10.3311,10.4067,10.2333,10.3311,1206301.0
2019-02-13,10.438,10.5635,10.3752,10.3934,1203823.0
2019-02-12,10.4124,10.6307,10.3943,10.2956,1661986.0
2019-02-11,10.2345,10.357,10.2345,10.1266,1285365.0
2019-02-08,9.9933,10.082,9.869,10.0022,1436543.0
2019-02-07,10.0822,10.1795,9.9894,10.1088,1459065.0
2019-02-06,10.1533,10.2022,10.0822,10.1533,1611679.0
2019-02-05,10.1978,10.2783,10.1174,10.1711,1297274.0
2019-02-04,10.1355,10.2689,10.0288,10.1355,1745876.0
2019-02-01,10.2068,10.3142,10.1351,10.1711,1492926.0
2019-01-31,10.1266,10.1976,10.0113,10.1355,2384705.0
2019-01-30,10.1711,10.2687,10.0291,10.18,1737497.0
2019-01-29,10.2246,10.3322,10.1708,10.18,1750005.0
2019-01-28,10.2337,10.3867,10.1977,10.1711,1613848.0
2019-01-25,10.2069,10.2333,10.0661,10.26,2168309.0
2019-01-24,10.4921,10.9036,10.4514,10.1711,2150151.0
2019-01-23,9.4604,9.4686,8.808,9.8777,2585603.0
2019-01-22,9.6643,9.7402,9.5305,9.6465,2990966.0
2019-01-18,9.918,10.169,9.8995,9.6999,1777750.0
2019-01-17,9.3709,9.4728,9.3001,9.3887,2205529.0
2019-01-16,9.5224,9.7247,9.5134,9.4687,2520416.0
2019-01-15,9.3534,9.4254,9.2455,9.2998,1581712.0
2019-01-14,9.3451,9.5083,9.2454,9.2553,1508392.0
2019-01-11,9.2643,9.3895,9.1659,9.2375,2082007.0
2019-01-10,9.3716,9.4756,9.2676,9.2909,2039445.0
2019-01-09,9.3912,9.6209,9.3269,9.2375,1635994.0
2019-01-08,9.0865,9.2568,8.988,9.0508,2390576.0
2019-01-07,9.0982,9.3748,9.0337,8.9353,2920898.0
2019-01-04,8.949,9.2846,8.949,8.7397,2800157.0
2019-01-03,8.6021,8.9236,8.4996,8.4018,2889890.0
2019-01-02,8.84,9.4613,8.7993,8.2596,2378419.0
2018-12-31,7.7362,7.7362,7.5194,7.8328,1947123.0
2018-12-28,7.8862,8.0737,7.8326,7.8684,1900705.0
2018-12-27,7.9501,8.0783,7.8036,7.8328,2848804.0
2018-12-26,8.2214,8.5999,7.9884,7.8684,2371249.0
2018-12-24,7.4508,7.5738,7.3365,7.4949,1743843.0
2018-12-21,7.3936,7.4695,7.0986,7.5927,5204734.0
2018-12-20,7.8249,7.9887,7.7613,7.735,3356904.0
2018-12-19,7.3297,7.4337,6.8736,7.7261,3437892.0
2018-12-18,7.9001,8.0481,7.6717,8.0995,2715549.0
2018-12-17,8.121,8.2233,7.8739,8.2951,2939645.0
2018-12-14,8.3778,8.5666,8.1803,8.5263,2821037.0
2018-12-13,8.4569,8.4901,8.1336,8.7574,1882093.0
2018-12-12,9.1957,9.4945,9.1957,9.0419,1953846.0
2018-12-11,8.4785,8.6015,8.1095,8.8286,2578696.0
2018-12-10,8.7011,8.7257,8.2501,9.0597,2723299.0
2018-12-07,9.3111,9.4532,9.0096,9.4598,2610392.0
2018-12-06,9.8014,10.0325,9.597,9.611,3452707.0
2018-12-04,9.0528,9.1567,8.5974,9.4795,1965270.0
2018-12-03,9.7141,9.8305,9.3232,9.9702,2258563.0
2018-11-30,10.1637,10.3464,10.0745,10.0753,3979813.0
2018-11-29,10.2463,10.6302,10.1457,10.0315,2791724.0
2018-11-28,9.8741,9.9803,9.6704,9.8212,2597177.0
2018-11-27,9.4931,9.5183,9.2208,9.7073,1854715.0
2018-11-26,9.9614,10.0933,9.8867,9.9439,1621469.0
2018-11-23,9.7511,9.8911,9.6899,9.7599,942669.0
2018-11-21,10.2232,10.8128,10.2232,9.8125,3151557.0
2018-11-20,8.4978,8.4978,7.6531,9.4007,4826677.0
2018-11-19,10.4179,10.5383,10.306,10.5134,2816155.0
2018-11-16,10.249,10.3301,9.8192,10.6535,3047017.0
2018-11-15,11.4121,11.7505,11.3664,11.1704,1899130.0
2018-11-14,10.9103,10.9316,10.6174,11.0828,1396430.0
2018-11-13,11.3482,11.601,11.3482,11.1792,1705932.0
2018-11-12,10.9255,11.0034,10.8518,10.9865,1548730.0
2018-11-09,11.1005,11.2153,11.0564,11.0565,1473518.0
2018-11-08,11.0917,11.1973,11.0388,11.0653,1376939.0
2018-11-07,11.353,11.7034,11.3068,11.0653,2051036.0
2018-11-06,10.9009,11.1127,10.8469,10.7499,2137695.0
2018-11-05,10.7976,11.0616,10.7703,10.5922,2319253.0
2018-11-02,10.1678,10.2433,9.8658,10.3907,2021986.0
2018-11-01,10.8189,11.1795,10.7542,10.5309,3067012.0
2018-10-31,10.1279,10.2982,10.0057,10.1454,2705322.0
2018-10-30,10.2072,10.4026,10.0384,10.1366,2682610.0
2018-10-29,9.659,9.7202,9.2433,10.014,3182838.0
2018-10-26,10.1552,10.1938,9.9578,10.2593,2488188.0
2018-10-25,10.3911,10.4127,10.1226,10.452,2035581.0
2018-10-24,9.3414,9.3414,8.3519,10.3819,2752600.0
2018-10-23,10.9166,11.0139,10.7972,10.8638,1985054.0
2018-10-22,10.8906,10.9252,10.692,10.9689,2312729.0
2018-10-19,11.0833,11.2918,10.9945,11.0127,1269884.0
2018-10-18,10.7784,10.9572,10.5656,10.9339,1161218.0
2018-10-17,11.0916,11.188,10.9251,11.0916,1265160.0
2018-10-16,11.3044,11.485,11.0877,11.1354,1253778.0
2018-10-15,10.9783,11.1738,10.9338,10.8988,1080118.0
2018-10-12,10.463,10.4819,9.9493,10.8025,1483710.0
2018-10-11,10.7633,10.7885,10.4942,10.9865,1749804.0
2018-10-10,11.1293,11.2567,10.9339,11.3019,2193388.0
2018-10-09,11.3228,11.3228,11.0944,11.5209,2337524.0
2018-10-08,11.8807,11.9786,11.8229,11.7925,2947489.0
2018-10-05,11.5237,11.5407,11.3284,11.7049,1341832.0
2018-10-04,11.7332,11.8698,11.5455,11.8889,1469951.0
2018-10-03,12.0643,12.2853,11.9317,12.0115,1576941.0
2018-10-02,11.7668,11.8704,11.6503,11.8538,1846556.0
2018-10-01,11.924,11.9944,11.7392,11.8976,2060332.0
2018-09-28,11.854,12.004,11.8098,11.81,2096504.0
2018-09-27,11.6627,11.6627,11.4899,11.8012,1537212.0
2018-09-26,11.5494,11.5494,11.162,11.9064,2312381.0
2018-09-25,12.3007,12.38,12.2214,12.2656,1646209.0
2018-09-24,11.8836,11.8836,11.3326,12.2656,2392157.0
2018-09-21,12.5373,12.5904,12.4764,12.581,6879834.0
2018-09-20,12.6951,12.7923,12.5537,12.6423,2593570.0
2018-09-19,12.742,13.0587,12.7148,12.5372,3159240.0
2018-09-18,12.6305,13.0146,12.5207,12.362,2580803.0
2018-09-17,12.0293,12.2201,11.9426,12.0904,2264316.0
2018-09-14,12.2933,12.5306,12.2709,12.1605,2050038.0
2018-09-13,12.2703,12.5301,12.1655,12.029,2027513.0
2018-09-12,11.5068,11.5237,11.2697,11.7049,1187880.0
2018-09-11,11.9681,12.1144,11.9043,11.8976,1038490.0
2018-09-10,11.7664,11.862,11.6968,11.81,1248660.0
2018-09-07,11.7663,11.7924,11.6531,11.8012,1077884.0
2018-09-06,11.7065,11.852,11.561,11.845,1184476.0
2018-09-05,12.2397,12.5193,12.2397,11.9922,1815717.0
2018-09-04,11.7671,11.9275,11.7411,11.7585,1727446.0
2018-08-31,11.8976,12.0119,11.8054,11.8104,1335428.0
2018-08-30,11.8638,12.0497,11.8107,11.7325,1126585.0
2018-08-29,11.5509,11.6024,11.4307,11.6026,1013977.0
2018-08-28,11.5596,11.671,11.4825,11.6199,1625610.0
2018-08-27,11.672,11.8029,11.515,11.6286,1868485.0
2018-08-24,11.447,11.4641,11.3097,11.4987,1607749.0
2018-08-23,11.3024,11.3276,11.1178,11.4814,1408549.0
2018-08-22,11.6114,11.706,11.5169,11.6546,1406881.0
2018-08-21,11.855,12.1379,11.8461,11.7325,1412046.0
2018-08-20,11.6376,11.7688,11.5938,11.5766,1434637.0
2018-08-17,11.568,11.6372,11.5507,11.568,988668.0
2018-08-16,11.896,12.2971,11.814,11.5939,3940700.0
2018-08-15,11.1958,11.2388,11.1097,11.2303,3784125.0
2018-08-14,11.3428,11.4468,11.3082,11.3428,1834774.0
2018-08-13,11.1201,11.1706,10.8888,11.2822,1335661.0
2018-08-10,11.5075,11.6209,11.3941,11.4641,901020.0
2018-08-09,11.6911,11.8777,11.6867,11.542,1491761.0
2018-08-08,11.3518,11.3518,11.2319,11.4121,1214987.0
2018-08-07,11.4816,11.6386,11.3943,11.4381,1012191.0
2018-08-06,11.3086,11.3343,11.1461,11.3775,826084.0
2018-08-03,11.5166,11.7536,11.4639,11.4381,1338698.0
2018-08-02,11.4989,11.5951,11.4465,11.4468,992717.0
2018-08-01,11.4381,11.6194,11.3777,11.4554,1320427.0
2018-07-31,11.234,11.259,11.0085,11.4381,2689490.0
2018-07-30,11.6723,11.8476,11.6548,11.6026,1088997.0
2018-07-27,11.5334,11.6291,11.4769,11.5074,1938114.0
2018-07-26,11.4814,11.6206,11.4014,11.4554,2454316.0
2018-07-25,11.0429,11.1891,10.5314,11.4035,4305003.0
2018-07-24,12.1742,12.3033,12.0795,12.2087,3112723.0
2018-07-23,12.2613,12.415,12.2349,12.1741,907638.0
2018-07-20,12.0357,12.1561,11.8638,12.0788,1866605.0
2018-07-19,12.2446,12.4787,12.1783,12.1221,2514202.0
2018-07-18,12.0792,12.2369,12.0617,12.0096,1421441.0
2018-07-17,11.949,12.0008,11.8452,11.9576,2353341.0
2018-07-16,12.295,12.6236,12.2676,11.9749,2073880.0
2018-07-13,11.458,11.5,11.2478,11.6286,2065263.0
2018-07-12,11.6655,11.6714,11.4886,11.8277,3112025.0
2018-07-11,11.8971,11.9272,11.768,11.9316,2605852.0
2018-07-10,12.3205,12.6759,12.3186,12.0096,2527091.0
2018-07-09,11.8385,12.1098,11.8029,11.6805,1605513.0
2018-07-06,11.4035,11.5335,11.3428,11.3948,936927.0
2018-07-05,11.4472,11.5261,11.3771,11.3775,1546588.0
2018-07-03,11.0868,11.2538,10.8781,11.2909,1288969.0
2018-07-02,11.7394,12.0531,11.7394,11.4554,2565451.0
2018-06-29,11.2649,11.4246,11.2175,11.2822,2563056.0
2018-06-28,11.265,11.3253,11.0843,11.2996,1526936.0
2018-06-27,11.2062,11.3243,11.0627,11.3515,1614688.0
2018-06-26,11.3865,11.3865,11.2237,11.4468,1418160.0
2018-06-25,11.4555,11.5244,11.2917,11.4814,2537579.0
2018-06-22,11.5853,11.7065,11.5766,11.5853,3395836.0
2018-06-21,11.5074,11.5594,11.3339,11.4987,3264414.0
2018-06-20,11.2848,11.31,11.1168,11.4554,1904409.0
2018-06-19,11.6818,11.8233,11.6376,11.5593,2346026.0
2018-06-18,11.8263,12.1768,11.8081,11.5333,3240922.0
2018-06-15,11.1558,11.2143,10.4784,11.3515,20183436.0
2018-06-14,11.4597,11.5288,11.1888,11.6805,5517545.0
2018-06-13,11.4706,11.5109,11.0595,11.8883,3364116.0
2018-06-12,12.033,12.1655,11.7059,12.304,3818371.0
2018-06-11,12.3865,12.3865,12.0822,12.6243,3357088.0
2018-06-08,12.8408,12.9191,12.6409,12.8148,2045735.0
2018-06-07,12.8409,12.9226,12.7119,12.8841,2987339.0
2018-06-06,12.9014,12.9187,12.6416,12.9014,4524705.0
2018-06-05,13.0263,13.313,12.9278,12.8062,8312325.0
2018-06-04,12.5034,12.8969,12.4291,12.4425,64237971.0
2018-06-01,12.2027,12.2027,11.7906,12.3819,4893242.0
2018-05-31,11.7701,11.8456,11.5017,11.9576,2467839.0
2018-05-30,12.2586,12.4422,12.2411,12.1288,2854264.0
2018-05-29,11.5177,11.5736,11.1257,11.9148,2906246.0
2018-05-25,12.4369,12.5439,12.3513,12.4369,2062253.0
2018-05-24,12.7327,12.9996,12.6837,12.4883,2360737.0
2018-05-23,12.3343,12.4201,12.257,12.3171,2304265.0
2018-05-22,12.4465,12.6644,12.4378,12.3342,2796212.0
2018-05-21,12.3442,12.519,12.283,12.2144,2188151.0
2018-05-18,12.0261,12.1285,11.9578,12.0432,1862856.0
2018-05-17,12.0519,12.1114,11.9542,12.0946,1572779.0
2018-05-16,12.268,12.523,12.1624,12.1031,2865077.0
2018-05-15,12.1663,12.3875,12.0867,11.9662,3799878.0
2018-05-14,11.8135,11.9973,11.7873,11.6837,2203910.0
2018-05-11,11.4194,11.495,11.2851,11.5296,2010732.0
2018-05-10,11.8155,12.0989,11.7624,11.6152,2190370.0
2018-05-09,11.6279,11.9301,11.619,11.4098,2492279.0
2018-05-08,10.9919,11.0337,10.7158,11.1188,4596270.0
2018-05-07,11.1727,11.2724,10.7656,11.3413,4059786.0
2018-05-04,11.774,12.1662,11.7473,11.5382,2883150.0
2018-05-03,11.4792,11.61,11.3485,11.3756,3171468.0
2018-05-02,11.4624,11.681,11.3225,11.3413,5193501.0
2018-05-01,11.2046,11.4167,10.9077,11.2557,1625240.0
2018-04-30,11.2146,11.2898,11.0809,11.3499,1888382.0
2018-04-27,11.3844,11.4098,11.2401,11.4355,2420811.0
2018-04-26,11.6866,11.9074,11.5452,11.504,2667631.0
2018-04-25,11.0661,11.1475,10.6023,11.3499,2550011.0
2018-04-24,11.5382,11.7302,11.3931,11.5553,3072635.0
2018-04-23,11.6167,11.818,11.5904,11.4868,2249808.0
2018-04-20,11.3585,11.4824,11.2132,11.367,2351580.0
2018-04-19,11.3672,11.5828,11.3154,11.3242,2014219.0
2018-04-18,11.3328,11.4439,11.2345,11.3413,1980580.0
2018-04-17,11.2227,11.3066,11.0635,11.3413,1949253.0
2018-04-16,11.5041,11.6162,11.4524,11.4612,1865374.0
2018-04-13,11.1898,11.1981,10.9364,11.3584,1529726.0
2018-04-12,11.4956,11.6249,11.4956,11.4526,1160368.0
2018-04-11,11.4272,11.5394,11.3149,11.3756,2046941.0
2018-04-10,11.3258,11.3258,11.0751,11.4612,2156399.0
2018-04-09,11.3253,11.4932,11.2077,11.4355,2216653.0
2018-04-06,11.4444,11.5375,11.2072,11.504,2535347.0
2018-04-05,12.155,12.6915,12.118,11.6923,4276817.0
2018-04-04,11.3988,11.8775,11.3988,10.9904,3469942.0
2018-04-03,10.6243,10.6993,10.316,10.7678,4931683.0
2018-04-02,10.506,10.5581,10.1336,10.862,3325040.0
2018-03-29,11.1535,11.314,11.0776,11.2301,2961822.0
2018-03-28,11.634,12.0384,11.5613,11.29,2800935.0
2018-03-27,10.6625,10.7033,10.3602,10.9134,2507156.0
2018-03-26,11.4058,11.6374,11.3612,11.1787,2204457.0
2018-03-23,10.3595,10.446,9.9036,10.8106,2725395.0
2018-03-22,11.0531,11.1443,10.8707,11.2301,2544251.0
2018-03-21,11.573,11.7465,11.5383,11.4954,1249276.0
2018-03-20,11.2574,11.3576,11.1153,11.3927,1416524.0
2018-03-19,11.4955,11.6061,11.3083,11.5296,1745324.0
2018-03-16,11.7819,12.084,11.6886,11.5639,5441342.0
2018-03-15,11.2221,11.2221,10.9861,11.3071,1821346.0
2018-03-14,11.0817,11.0899,10.8034,11.3328,1594549.0
2018-03-13,11.4278,11.5287,11.2807,11.5296,1496177.0
2018-03-12,11.221,11.2453,10.8962,11.5211,2089197.0
2018-03-09,12.002,12.1422,11.9056,11.8635,1806347.0
2018-03-08,11.6238,11.9144,11.4909,11.6152,1194872.0
2018-03-07,11.7459,11.9397,11.7459,11.581,1915339.0
2018-03-06,11.5382,11.5981,11.3413,11.5382,1532691.0
2018-03-05,11.8392,12.2205,11.8301,11.4954,2330781.0
2018-03-02,11.554,11.8737,11.491,11.2643,2064230.0
2018-03-01,11.2761,11.657,11.2495,11.0845,3511668.0
2018-02-28,10.8241,10.9973,10.6838,10.9577,3035453.0
2018-02-27,10.8596,10.9658,10.6473,11.0507,2765852.0
2018-02-26,11.186,11.2535,10.9626,11.2029,1501106.0
2018-02-23,11.2712,11.3914,11.2583,11.186,1557196.0
2018-02-22,10.7226,10.7584,10.3882,11.0507,2180021.0
2018-02-21,11.2049,11.3449,11.0485,11.3551,2128143.0
2018-02-20,11.2683,11.3975,10.9293,11.5327,2949494.0
2018-02-16,12.035,12.2889,12.035,11.8286,1468398.0
2018-02-15,11.4278,11.4359,11.0628,11.6679,2484543.0
2018-02-14,12.2755,12.7483,12.2391,11.837,1968862.0
2018-02-13,11.6098,11.7822,11.5495,11.4988,1451817.0
2018-02-12,11.5245,11.6697,11.2469,11.465,2034265.0
2018-02-09,11.2799,11.3879,10.7815,11.3805,4606550.0
2018-02-08,10.7964,10.8426,10.3036,11.3128,3118211.0
2018-02-07,12.2011,12.7281,12.2011,11.8709,3990690.0
2018-02-06,12.1369,12.7074,12.0357,11.6341,3918509.0
2018-02-05,11.1877,11.3391,10.6976,11.5242,3176592.0
2018-02-02,11.7743,11.7865,11.4292,12.0146,3145932.0
2018-02-01,12.5795,12.8987,12.4909,12.2852,2503580.0
2018-01-31,12.0654,12.2519,11.9806,12.0484,2587910.0
2018-01-30,11.981,12.1487,11.9307,12.0315,2800812.0
2018-01-29,12.0912,12.1747,12.0077,12.1668,2098687.0
2018-01-26,12.2013,12.2429,11.8848,12.2936,2144085.0
2018-01-25,12.3111,12.4028,12.1484,12.3951,2775766.0
2018-01-24,13.4146,14.8097,13.4146,12.2682,8543120.0
2018-01-23,11.3467,11.4563,11.0853,11.3636,5317411.0
2018-01-22,11.3473,11.4014,11.2056,11.4312,3308870.0
2018-01-19,11.7494,12.0142,11.7494,11.4988,2969875.0
2018-01-18,11.0232,11.1361,10.7249,11.2875,2534500.0
2018-01-17,11.4913,11.5494,11.3168,11.5918,1947896.0
2018-01-16,11.4181,11.5241,11.1979,11.6257,3577826.0
2018-01-12,11.8811,12.1584,11.8378,11.7356,3879922.0
2018-01-11,12.0094,12.2891,12.0007,11.8117,3748759.0
2018-01-10,11.626,11.7712,11.5662,11.5665,3423424.0
2018-01-09,11.3306,11.3888,11.1977,11.4312,2966370.0
2018-01-08,11.3429,11.3511,10.9451,11.5749,3269625.0
2018-01-05,11.854,11.8794,11.7015,11.8455,2059997.0
2018-01-04,11.8543,11.9997,11.8073,11.7863,2958547.0
2018-01-03,11.8313,12.0231,11.8139,11.651,2548515.0
2018-01-02,11.6784,11.9563,11.5829,11.5242,3528370.0
2017-12-29,11.1949,11.2909,11.0863,11.2621,1832765.0
2017-12-28,11.424,11.5708,11.3497,11.3044,1193606.0
2017-12-27,10.9616,11.0594,10.7173,11.1691,1686178.0
2017-12-26,11.4485,11.671,11.4228,11.3805,1735553.0
2017-12-22,11.3555,11.4496,11.2614,11.2875,2289097.0
2017-12-21,11.0593,11.1643,10.9836,11.093,1932057.0
2017-12-20,10.9754,10.992,10.8091,11.0676,2763091.0
2017-12-19,10.9513,11.0089,10.8032,11.1015,2867421.0
2017-12-18,11.1609,11.3199,11.0522,11.2198,4140652.0
2017-12-15,11.6551,12.236,11.5813,11.1606,10943847.0
2017-12-14,10.4306,10.6164,10.1639,10.6702,5012739.0
2017-12-13,10.9408,11.2494,10.907,10.9408,6617855.0
2017-12-12,11.0947,11.4501,11.0687,10.9577,3602787.0
2017-12-11,10.7298,10.8217,10.5374,10.7886,4673723.0
2017-12-08,10.7381,10.78,10.2104,10.7886,5091472.0
2017-12-07,10.6379,10.7535,10.4645,10.7633,3952475.0
2017-12-06,10.7081,10.7203,10.4355,10.9154,2736432.0
2017-12-05,10.9596,11.0584,10.7371,11.1015,3296871.0
2017-12-04,11.2368,11.3385,11.0756,11.2198,4241922.0
2017-12-01,11.313,11.7155,11.0984,11.0,5356669.0
2017-11-30,10.5946,10.7115,10.3191,10.6618,20582374.0
2017-11-29,11.3021,11.9713,11.0419,10.7119,5452059.0
2017-11-28,10.856,11.3652,10.7833,10.403,3654415.0
2017-11-27,9.7026,9.7026,9.3883,10.0022,3544831.0
2017-11-24,10.179,10.2198,10.0079,10.3028,1252754.0
2017-11-22,10.2546,10.344,10.0677,10.3946,2156493.0
2017-11-21,10.2988,10.3389,9.8781,10.5115,3921085.0
2017-11-20,10.9775,11.2674,10.9161,10.7035,3526649.0
2017-11-17,10.3782,10.618,10.2789,10.428,4870234.0
2017-11-16,10.7716,11.0533,10.5838,10.6534,4847380.0
2017-11-15,10.891,11.3198,10.6676,10.5282,5215622.0
2017-11-14,10.603,10.9738,10.475,10.3111,4708070.0
2017-11-13,10.0194,10.0276,9.7557,10.0857,2557764.0
2017-11-10,10.2869,10.4399,10.2402,10.1942,2328940.0
2017-11-09,10.2883,10.6066,10.2453,10.1358,2511223.0
2017-11-08,10.0108,10.2092,9.8207,10.0607,2506781.0
2017-11-07,9.8815,9.9336,9.6575,10.0941,2479073.0
2017-11-06,10.5145,10.8774,10.4584,10.3362,3023495.0
2017-11-03,10.1116,10.1854,9.9148,10.2026,3922573.0
2017-11-02,10.5325,10.8021,10.3586,10.3195,6535425.0
2017-11-01,9.8105,9.9719,9.4956,10.1024,5349355.0
2017-10-31,10.9385,11.5385,10.9016,10.403,5134518.0
2017-10-30,9.8937,10.1283,9.8099,9.877,4879544.0
2017-10-27,9.8687,9.985,9.7275,9.8937,3507721.0
2017-10-26,10.0699,10.359,10.0358,9.9772,5066914.0
2017-10-25,9.3896,9.3972,8.7667,9.8436,6611672.0
2017-10-24,9.9787,9.9787,9.8239,10.1024,2730647.0
2017-10-23,10.0373,10.1105,9.8747,10.1692,2717510.0
2017-10-20,10.2367,10.2777,10.0641,10.3195,4215060.0
2017-10-19,10.6051,11.0229,10.534,10.2777,3691660.0
2017-10-18,9.679,9.7338,9.3272,10.0022,5183051.0
2017-10-17,10.3903,10.6726,10.1731,10.1859,8352986.0
2017-10-16,9.9203,10.0745,9.8604,9.7935,3617385.0
2017-10-13,9.578,9.6675,9.3428,9.7016,3937532.0
2017-10-12,9.8854,10.0704,9.8098,9.8519,5829766.0
2017-10-11,9.3368,9.3668,8.7959,9.8436,6251413.0
2017-10-10,10.5724,10.7876,10.538,10.4113,4035590.0
2017-10-09,9.8093,9.8093,9.3308,10.2026,4371270.0
2017-10-06,10.5115,10.6532,10.4282,10.5199,5148036.0
2017-10-05,9.5711,9.6263,8.669,10.524,15109472.0
2017-10-04,12.0599,12.0679,11.81,12.2732,1776680.0
2017-10-03,12.4819,12.5903,12.4319,12.4902,1692062.0
2017-10-02,12.349,12.3572,12.0857,12.4401,4941173.0
2017-09-29,12.5991,12.8266,12.5485,12.5403,2656237.0
2017-09-28,11.9445,11.9829,11.4263,12.4568,3876998.0
2017-09-27,13.2042,13.5116,13.0657,12.9661,2650616.0
2017-09-26,12.9468,13.2605,12.8074,12.6739,2788263.0
2017-09-25,12.4068,12.5663,12.2893,12.3734,2029716.0
2017-09-22,13.0089,13.7326,12.9903,12.34,2807046.0
2017-09-21,11.6722,11.7136,11.4069,11.7138,2201077.0
2017-09-20,11.7472,11.8308,11.5382,11.7388,2042509.0
2017-09-19,11.8482,11.9926,11.7803,11.7472,1798638.0
2017-09-18,11.5972,11.7046,11.4401,11.6553,3106929.0
2017-09-15,11.7995,11.9625,11.6278,11.6386,6719781.0
2017-09-14,11.1491,11.2521,10.7884,11.5051,3887702.0
2017-09-13,12.0812,12.2237,12.0393,12.0561,2246777.0
2017-09-12,12.2778,12.6512,12.191,12.0394,2481221.0
2017-09-11,12.248,12.788,12.248,11.7973,3182135.0
2017-09-08,11.4063,11.8758,11.3294,11.2796,4237916.0
2017-09-07,10.4612,10.4764,9.9374,10.9707,3233539.0
2017-09-06,11.4306,11.6731,11.3074,11.5217,2333232.0
2017-09-05,11.5385,11.6217,11.3387,11.5551,2895604.0
2017-09-01,11.9132,12.4077,11.9132,11.48,3366893.0
2017-08-31,10.8644,10.8644,10.6859,11.0208,2955975.0
2017-08-30,11.0047,11.0664,10.8978,11.0876,2163771.0
2017-08-29,11.2703,11.4893,11.2703,11.1536,1560954.0
2017-08-28,11.1621,11.203,11.0315,11.2196,1116005.0
2017-08-25,11.2114,11.3099,11.1786,11.2443,1077031.0
2017-08-24,11.1786,11.2195,11.1051,11.2361,997011.0
2017-08-23,11.3191,11.5448,11.2355,11.2443,1148522.0
2017-08-22,11.3438,11.4525,11.2937,11.2691,1240471.0
2017-08-21,11.0961,11.1533,10.9243,11.1453,1351713.0
2017-08-18,11.2196,11.3103,11.1701,11.2196,1550343.0
2017-08-17,11.0183,11.1132,10.785,11.2526,1352532.0
2017-08-16,11.6327,11.8419,11.6159,11.5496,1658362.0
2017-08-15,11.2543,11.3187,11.1013,11.3928,1225531.0
2017-08-14,11.6169,11.8867,11.6169,11.4918,1327211.0
2017-08-11,11.2118,11.3258,11.0408,11.2856,1485029.0
2017-08-10,11.0284,11.1148,10.7535,11.3021,1794593.0
2017-08-09,11.5187,11.5749,11.3098,11.6733,1527524.0
2017-08-08,11.9291,12.0648,11.818,11.9456,1449115.0
2017-08-07,12.2174,12.5465,12.2174,12.0033,1403187.0
2017-08-04,11.7558,11.8463,11.5913,11.7723,3007467.0
2017-08-03,11.6573,11.8854,11.5636,11.7311,1946647.0
2017-08-02,11.4382,11.5078,11.0747,11.8136,2607845.0
2017-08-01,12.3339,12.5011,12.2921,12.2508,1902235.0
2017-07-31,12.1848,12.371,12.1517,12.1683,1635713.0
2017-07-28,12.1853,12.3064,12.1602,12.1106,1226470.0
2017-07-27,12.0034,12.0854,11.8639,12.0363,1549944.0
2017-07-26,11.8433,11.875,11.5739,12.0858,2015297.0
2017-07-25,12.4076,12.6357,12.3081,12.3745,2805201.0
2017-07-24,12.2261,12.3656,12.1605,12.2591,1765815.0
2017-07-21,12.3416,12.4655,12.2259,12.3333,2356451.0
2017-07-20,12.098,12.1696,11.8513,12.3168,3294666.0
2017-07-19,11.3986,11.3986,10.2871,12.6138,4395194.0
2017-07-18,13.5048,13.5459,13.3503,13.5295,2071521.0
2017-07-17,13.5791,13.7106,13.4804,13.6038,1332102.0
2017-07-14,13.7277,13.8817,13.6196,13.6698,1187070.0
2017-07-13,13.744,13.8434,13.4874,13.7193,1829246.0
2017-07-12,13.8622,14.1379,13.8197,13.6698,1347202.0
2017-07-11,13.4388,13.4799,13.2826,13.4635,1292489.0
2017-07-10,13.6883,13.9758,13.5699,13.5213,2297728.0
2017-07-07,13.3894,13.489,13.24,13.348,2832419.0
2017-07-06,12.7867,12.8482,12.3366,13.2408,4161819.0
2017-07-05,13.646,13.7028,13.3539,13.7605,3160455.0
2017-07-03,13.876,13.9834,13.7521,13.8677,1557748.0
2017-06-30,13.6782,13.7437,13.5719,13.7357,2283435.0
2017-06-29,13.6373,13.8165,13.4012,13.7275,1957894.0
2017-06-28,13.7854,13.8851,13.6359,13.7357,2347508.0
2017-06-27,13.737,13.9305,13.7118,13.6038,1999072.0
2017-06-26,13.6397,13.9626,13.5887,13.4388,1925940.0
2017-06-23,13.1748,13.3524,13.0674,13.1665,2830631.0
2017-06-22,13.0103,13.051,12.8066,13.0923,2329771.0
2017-06-21,12.8454,12.8689,12.3598,13.183,3291811.0
2017-06-20,13.6039,13.7533,13.5043,13.5625,3014470.0
2017-06-19,14.2571,15.0832,14.0609,13.5543,3904947.0
2017-06-16,12.7706,13.0085,12.6558,12.8077,7391711.0
2017-06-15,13.3366,13.7056,13.3366,13.0758,1955834.0
2017-06-14,13.0526,13.2339,12.8671,12.9108,1908268.0
2017-06-13,12.9028,13.0277,12.7613,12.8448,2545335.0
2017-06-12,12.9802,13.3552,12.9631,12.7705,2994167.0
2017-06-09,12.8415,13.2106,12.8415,12.589,2571281.0
2017-06-08,12.5615,12.9572,12.4926,12.3003,2856067.0
2017-06-07,12.1607,12.3115,12.1105,12.0693,2473422.0
2017-06-06,12.1485,12.4191,12.0454,11.9043,2089668.0
2017-06-05,11.822,11.9718,11.7222,11.7723,1892853.0
2017-06-02,11.4179,11.4257,11.0975,11.7311,3340800.0
2017-06-01,12.1943,12.3333,12.0428,12.0693,2448769.0
2017-05-31,11.7657,11.7657,11.3305,11.9043,4789350.0
2017-05-30,12.2276,12.5593,12.1936,11.9777,3534739.0
2017-05-26,11.9382,12.1257,11.8882,11.8146,1801487.0
2017-05-25,11.733,11.8959,11.6596,11.7411,2422611.0
2017-05-24,11.8562,11.964,11.7649,11.7575,2451618.0
2017-05-23,11.7759,12.0189,11.7088,11.6187,3000624.0
2017-05-22,11.4882,11.5454,11.3738,11.48,1686256.0
2017-05-19,11.5479,11.8928,11.4849,11.374,1906119.0
2017-05-18,11.2602,11.4256,11.0453,11.1863,2448762.0
2017-05-17,10.7509,10.8042,10.3626,11.1292,2521116.0
2017-05-16,11.782,11.8638,11.7083,11.7656,2037310.0
2017-05-15,12.0764,12.4125,12.0677,11.7493,2796863.0
2017-05-12,11.1833,11.1989,10.9174,11.4229,1879359.0
2017-05-11,11.6678,11.7246,11.4734,11.7085,2370340.0
2017-05-10,11.7658,11.8265,11.5064,11.8064,2867806.0
2017-05-09,11.7993,11.8714,11.6232,11.9125,2602747.0
2017-05-08,11.8025,11.8575,11.5353,12.0267,1912219.0
2017-05-05,12.0615,12.1449,11.8946,12.2225,1829452.0
2017-05-04,12.0981,12.2308,11.7976,12.3694,1842038.0
2017-05-03,12.6964,12.8288,12.655,12.606,1911505.0
2017-05-02,12.5327,12.5732,12.3787,12.5734,2377427.0
2017-05-01,12.7881,12.998,12.7671,12.606,3007198.0
2017-04-28,12.1541,12.1541,11.8446,12.402,2751473.0
2017-04-27,12.4236,12.5019,12.1651,12.6794,2260538.0
2017-04-26,12.8918,12.997,12.7379,12.9405,1566431.0
2017-04-25,12.9405,13.022,12.8754,12.9487,2001451.0
2017-04-24,12.5407,12.6027,12.2302,12.8589,3788620.0
2017-04-21,12.6982,13.0077,12.5157,12.8753,4301615.0
2017-04-20,13.8227,14.7363,13.7862,13.0629,4143710.0
2017-04-19,12.3368,12.4103,11.5606,12.3286,4949255.0
2017-04-18,12.4786,12.7398,12.4534,12.2796,3190483.0
2017-04-17,12.3639,12.574,12.2799,12.1817,1637159.0
2017-04-13,12.0434,12.3321,12.0434,11.9777,2313212.0
2017-04-12,11.8007,11.8364,11.5588,11.9696,2401227.0
2017-04-11,12.4587,12.7847,12.4072,12.1491,1593783.0
2017-04-10,11.8559,11.9847,11.7392,11.937,1925223.0
2017-04-07,12.0765,12.2672,11.9935,11.9777,1934475.0
2017-04-06,12.0775,12.3117,12.0106,11.9288,2256420.0
2017-04-05,11.4408,11.5332,11.1018,11.7738,2970491.0
2017-04-04,12.0677,12.1952,11.9608,12.0185,2203684.0
2017-04-03,11.9699,12.0426,11.7359,12.0349,2609724.0
2017-03-31,11.9943,12.0752,11.9214,12.043,1961380.0
2017-03-30,12.4167,12.7585,12.2885,12.1328,1527840.0
2017-03-29,11.8717,12.0069,11.798,11.8472,1524064.0
2017-03-28,12.2885,12.8695,12.1037,11.8309,2181553.0
2017-03-27,11.5969,11.7903,11.496,11.4229,2008801.0
2017-03-24,11.3903,11.4635,11.2685,11.4148,1768150.0
2017-03-23,11.5048,11.6985,11.4306,11.4474,2867102.0
2017-03-22,11.3089,11.3736,11.139,11.3576,3718998.0
2017-03-21,10.913,10.913,10.374,11.4719,2911922.0
2017-03-20,11.8254,11.8729,11.6194,12.0022,2185037.0
2017-03-17,12.4805,12.7608,12.4167,12.2307,6747233.0
2017-03-16,11.832,11.88,11.6238,11.9451,3089738.0
2017-03-15,12.0768,12.2681,12.0518,11.9614,1742131.0
2017-03-14,11.8474,11.9297,11.6335,11.7982,1891064.0
2017-03-13,11.8065,11.8552,11.7172,11.839,1511270.0
2017-03-10,11.839,11.945,11.6965,11.8472,1870181.0
2017-03-09,11.7253,11.8421,11.5722,11.7982,2071331.0
2017-03-08,11.7984,11.9888,11.693,11.839,2693421.0
2017-03-07,11.7825,11.9354,11.6779,11.8635,2810865.0
2017-03-06,11.8154,11.9197,11.5264,11.9125,2595402.0
2017-03-03,12.0682,12.1325,11.8513,12.1613,3047290.0
2017-03-02,11.8871,11.9282,11.5997,12.1817,2710515.0
2017-03-01,12.4352,12.7412,12.258,12.5163,2611281.0
2017-02-28,12.3316,12.3474,12.0381,12.4436,3356923.0
2017-02-27,12.7281,12.9267,12.7033,12.5728,1326784.0
2017-02-24,12.5252,12.7347,12.4185,12.4194,1554738.0
2017-02-23,12.4358,12.5638,12.2197,12.492,1439472.0
2017-02-22,12.6384,12.8275,12.5973,12.5243,1577978.0
2017-02-21,12.492,12.7427,12.4516,12.484,2068295.0
2017-02-17,12.4921,12.5487,12.1601,12.4759,1852792.0
2017-02-16,12.3724,12.4514,12.1986,12.5082,1780703.0
2017-02-15,12.6536,12.7614,12.5126,12.6697,2188406.0
2017-02-14,12.9639,13.2394,12.9556,12.7504,1740174.0
2017-02-13,12.6374,12.7745,12.5567,12.6455,1830247.0
2017-02-10,12.6703,12.8259,12.6048,12.5809,1474551.0
2017-02-09,12.4355,12.5406,12.3223,12.4274,2593698.0
2017-02-08,12.371,12.4439,12.225,12.3467,1688086.0
2017-02-07,12.259,12.3145,12.0452,12.379,1869596.0
2017-02-06,12.5732,12.7529,12.4915,12.5001,1964816.0
2017-02-03,12.7301,12.9685,12.6548,12.5082,2813693.0
2017-02-02,12.3402,12.588,12.3071,12.2013,2629687.0
2017-02-01,11.9768,12.1505,11.7952,12.1125,3864146.0
2017-01-31,12.1206,12.2895,11.8713,12.1448,3265109.0
2017-01-30,12.2581,12.3315,12.0299,12.2013,2015990.0
2017-01-27,12.2499,12.3061,12.1454,12.2821,2174975.0
2017-01-26,12.1794,12.1794,11.9437,12.3467,2985732.0
2017-01-25,13.1368,13.6514,13.0676,12.6939,4151560.0
2017-01-24,13.2614,13.5017,13.1371,13.0896,2843384.0
2017-01-23,12.8312,13.0165,12.6459,12.8473,1945434.0
2017-01-20,12.9039,13.1629,12.7663,12.8877,3225040.0
2017-01-19,12.8882,13.0191,12.7247,12.807,2760958.0
2017-01-18,13.1821,13.4244,12.5807,12.9604,6852830.0
2017-01-17,12.1122,12.1304,11.451,12.7343,3640574.0
2017-01-13,13.7781,14.1176,13.7119,13.6064,2185556.0
2017-01-12,13.1888,13.2203,12.8113,13.3641,2154039.0
2017-01-11,13.6469,13.6956,13.5088,13.6064,2505918.0
2017-01-10,13.7539,14.0106,13.6628,13.5822,2685363.0
2017-01-09,13.1249,13.1523,12.8663,13.3238,1894192.0
2017-01-06,13.6799,13.8972,13.5815,13.5741,2240235.0
2017-01-05,13.1176,13.2347,12.8365,13.3399,1972358.0
2017-01-04,14.0063,14.4438,14.0063,13.5902,2787088.0
2017-01-03,13.4045,13.614,13.179,13.4207,2919904.0
2016-12-30,13.2834,13.3886,13.1539,13.2672,1552954.0
2016-12-29,13.1786,13.371,13.0463,13.2269,1010932.0
2016-12-28,13.0924,13.0924,12.8178,13.2834,1397026.0
2016-12-27,13.4772,13.5823,13.3721,13.4691,1050134.0
2016-12-23,13.5179,13.6239,13.4363,13.453,990467.0
2016-12-22,13.3885,13.4206,13.1878,13.4287,6470097.0
2016-12-21,13.4289,13.485,13.3247,13.4772,1293742.0
2016-12-20,13.4853,13.5175,13.3163,13.5095,2636000.0
2016-12-19,13.6821,13.9318,13.6821,13.4772,2765213.0
2016-12-16,12.9266,13.0424,12.5482,13.2188,10807455.0
2016-12-15,13.88,14.3491,13.7616,13.566,3628238.0
2016-12-14,13.2593,13.6168,13.0968,13.2188,3237775.0
2016-12-13,12.8265,12.895,12.4174,13.2107,2954276.0
2016-12-12,13.01,13.01,12.4193,13.4853,3090449.0
2016-12-09,14.0672,14.2553,13.8955,13.9778,2843038.0
2016-12-08,13.7921,13.9696,13.409,13.8002,3950439.0
2016-12-07,14.1751,14.5668,14.0501,13.9536,3364494.0
2016-12-06,13.8004,13.9549,13.5564,13.7517,3161538.0
2016-12-05,13.8497,14.0141,13.7182,13.7275,2593252.0
2016-12-02,13.2384,13.3557,12.9882,13.453,2505067.0
2016-12-01,13.34,13.4861,12.9635,13.671,3817179.0
2016-11-30,13.881,14.0096,13.7484,13.9132,3971186.0
2016-11-29,13.5019,13.6715,13.2397,13.7532,2882134.0
2016-11-28,13.9375,14.0565,13.6795,13.9932,2307344.0
2016-11-25,13.9552,13.9708,13.6427,14.1213,1125079.0
2016-11-23,14.5503,14.8742,14.489,14.2813,2853858.0
2016-11-22,13.6634,13.7708,13.3486,13.9532,4354474.0
2016-11-21,14.1613,14.2571,14.0495,14.1773,2553045.0
2016-11-18,14.0019,14.0098,13.8519,14.0973,2914906.0
2016-11-17,14.1213,14.1611,13.9541,14.1533,3668427.0
2016-11-16,14.5059,14.9345,14.2957,14.1533,3041723.0
2016-11-15,13.9935,14.0983,13.4773,13.9372,5022592.0
2016-11-14,14.4512,14.8645,14.4259,14.0732,5609703.0
2016-11-11,13.8772,14.1422,13.7448,13.6412,5018156.0
2016-11-10,14.1628,14.9408,14.154,13.4732,8050258.0
2016-11-09,13.4942,14.8532,13.3066,12.6171,12704626.0
2016-11-08,10.8253,11.0637,10.7687,10.769,3194291.0
2016-11-07,10.7932,10.9199,10.6665,10.849,3548791.0
2016-11-04,10.689,10.9788,10.6166,10.6569,3326085.0
2016-11-03,10.5451,10.7674,10.4419,10.5849,3617206.0
2016-11-02,10.8125,11.0614,10.7378,10.6169,4796953.0
2016-11-01,10.5545,10.7185,10.4725,10.4249,4470210.0
2016-10-31,10.1141,10.1924,9.9106,10.2249,3588833.0
2016-10-28,10.345,10.57,10.3128,10.3209,2686725.0
2016-10-27,9.9847,9.9961,9.7122,10.2649,2780406.0
2016-10-26,10.5612,10.6984,10.5046,10.5129,2320599.0
2016-10-25,10.553,10.6859,10.4725,10.5209,2393521.0
2016-10-24,10.6254,10.8201,10.6254,10.5529,2562102.0
2016-10-21,10.3298,10.4241,10.2277,10.4249,3928586.0
2016-10-20,10.4581,10.6774,10.2936,10.5689,3806382.0
2016-10-19,10.3382,10.508,9.7991,10.761,6421448.0
2016-10-18,10.7859,10.9425,10.519,10.889,3688266.0
2016-10-17,10.6143,10.6908,10.3541,10.853,4251376.0
2016-10-14,11.0259,11.1202,10.861,11.129,2940383.0
2016-10-13,11.0653,11.1049,10.9148,11.121,2496345.0
2016-10-12,11.273,11.3767,11.2431,11.289,2550512.0
2016-10-11,11.1157,11.201,10.883,11.289,3863524.0
2016-10-10,11.2466,11.3231,10.971,11.497,3804030.0
2016-10-07,11.5224,11.5498,11.3815,11.649,2299549.0
2016-10-06,11.7371,11.7968,11.582,11.769,2396336.0
2016-10-05,11.8652,12.0182,11.7927,11.825,3584692.0
2016-10-04,11.9497,12.2412,11.9164,11.713,2983655.0
2016-10-03,11.4331,11.5286,11.3138,11.465,3433945.0
2016-09-30,11.6252,11.8431,11.3913,11.577,3148317.0
2016-09-29,11.2602,11.3453,10.9583,11.449,3676052.0
2016-09-28,11.6811,11.7736,11.4961,11.649,2323470.0
2016-09-27,12.0504,12.5864,12.0172,11.593,4190848.0
2016-09-26,11.105,11.121,10.985,11.105,2431891.0
2016-09-23,11.2509,11.5055,11.2345,11.105,3407947.0
2016-09-22,11.2643,11.6182,11.2138,10.977,3868438.0
2016-09-21,10.1803,10.2097,9.6515,10.6249,6325767.0
2016-09-20,10.9614,11.0325,10.8825,11.033,2158606.0
2016-09-19,11.0491,11.2503,10.9686,11.017,3272534.0
2016-09-16,10.8013,10.8804,10.6432,10.865,5876480.0
2016-09-15,11.2853,11.6265,11.227,11.065,2727145.0
2016-09-14,10.6758,10.7455,10.3969,10.849,3855704.0
2016-09-13,10.7375,10.7754,10.3365,11.041,3412299.0
2016-09-12,11.7745,12.1338,11.6408,11.521,3810539.0
2016-09-09,11.0889,11.1572,10.8005,11.385,2212238.0
2016-09-08,11.7131,11.7927,11.6654,11.745,2310387.0
2016-09-07,12.0563,12.3926,12.0059,11.761,2755573.0
2016-09-06,11.4177,11.5359,11.2049,11.505,2164849.0
2016-09-02,11.6091,11.6734,11.36,11.585,1661593.0
2016-09-01,11.4572,11.5366,11.2192,11.505,2025831.0
2016-08-31,11.61,11.83,11.4959,11.505,5094399.0
2016-08-30,11.5953,11.8326,11.5953,11.4022,2325313.0
2016-08-29,11.165,11.2905,11.1179,11.2123,2325821.0
2016-08-26,11.1426,11.274,10.9185,11.2756,1699207.0
2016-08-25,11.3468,11.3942,11.2599,11.3547,1859472.0
2016-08-24,11.245,11.3847,11.1053,11.3547,2138726.0
2016-08-23,11.521,11.6405,11.521,11.4813,1669191.0
2016-08-22,11.5718,11.7849,11.4981,11.3705,1861075.0
2016-08-19,10.9488,10.9867,10.6991,11.1964,1999023.0
2016-08-18,11.5129,11.5801,11.3865,11.5208,2712886.0
2016-08-17,11.9659,12.5137,11.8888,11.505,5110888.0
2016-08-16,11.1589,11.3541,11.0386,11.0065,2510052.0
2016-08-15,11.1368,11.3584,11.0711,10.9353,1824649.0
2016-08-12,10.5801,10.5878,10.3546,10.6742,2496545.0
2016-08-11,10.7456,10.8382,10.6593,10.7929,2456235.0
2016-08-10,10.3144,10.3217,9.8354,10.7691,3735080.0
2016-08-09,11.1033,11.1881,10.9489,11.2439,2324261.0
2016-08-08,11.1988,11.2603,10.9913,11.3626,2848218.0
2016-08-05,11.6251,11.8031,11.6009,11.4971,3775468.0
2016-08-04,11.6269,12.0566,11.6269,11.2676,3160416.0
2016-08-03,11.1776,11.4253,11.1693,10.9432,3171850.0
2016-08-02,10.3766,10.473,10.0351,10.7138,3129235.0
2016-08-01,10.9292,10.9986,10.7788,11.0698,1662526.0
2016-07-29,11.3965,11.5756,11.311,11.236,3095884.0
2016-07-28,11.1331,11.2278,11.0227,11.149,2050435.0
2016-07-27,11.0396,11.1943,10.8539,11.1648,3611285.0
2016-07-26,11.2836,11.4626,11.2199,11.2518,2603814.0
2016-07-25,11.0485,11.0639,10.8641,11.2123,2822674.0
2016-07-22,11.4579,11.5459,11.3859,11.3942,2451522.0
2016-07-21,11.3629,11.5706,11.267,11.3072,3264066.0
2016-07-20,11.671,12.0628,11.5043,11.3705,4707967.0
2016-07-19,10.825,10.8953,10.7,10.8957,3257084.0
2016-07-18,11.0305,11.1741,11.0305,10.9828,2226544.0
2016-07-15,11.0067,11.0864,10.911,10.967,2127353.0
2016-07-14,10.7779,10.8556,10.5951,10.872,1973743.0
2016-07-13,10.6907,10.6907,10.4493,10.7771,3347568.0
2016-07-12,11.0688,11.5265,11.023,10.7929,3686876.0
2016-07-11,10.6082,10.8895,10.5916,10.3735,2471251.0
2016-07-08,10.3176,10.6351,10.2257,10.0412,2544745.0
2016-07-07,9.8991,10.3185,9.8571,9.6139,2219590.0
2016-07-06,9.4247,9.5212,9.2798,9.3449,2412984.0
2016-07-05,9.0377,9.1343,8.607,9.329,2780514.0
2016-07-01,10.026,10.3787,10.0092,9.7326,3072625.0
2016-06-30,9.5921,9.7387,9.3234,9.4556,2469700.0
2016-06-29,9.3457,9.4586,9.2247,9.2578,2752592.0
2016-06-28,9.1973,9.4105,9.1973,9.0363,2828748.0
2016-06-27,8.3406,8.3805,7.9853,8.7118,2597289.0
2016-06-24,9.2183,9.447,9.0606,9.2341,6588952.0
2016-06-23,9.8119,9.9634,9.8119,9.7721,4183989.0
2016-06-22,9.4256,9.5335,9.2792,9.5506,2002785.0
2016-06-21,9.6457,9.7242,9.5358,9.6851,2467756.0
2016-06-20,9.6147,9.6846,9.4825,9.7009,1747230.0
2016-06-17,9.6219,9.7175,9.5423,9.5902,5179879.0
2016-06-16,9.472,9.472,9.2537,9.5427,2873718.0
2016-06-15,9.709,9.9164,9.6133,9.6693,3411901.0
2016-06-14,9.2048,9.2991,8.8058,9.6139,3921622.0
2016-06-13,9.9791,10.072,9.8707,10.0887,3002754.0
2016-06-10,10.1996,10.2702,10.0664,10.2469,2156997.0
2016-06-09,10.3741,10.4131,10.2104,10.4526,1800884.0
2016-06-08,10.6188,10.7451,10.5715,10.6346,1440402.0
2016-06-07,10.4937,10.5632,10.2657,10.6188,2175294.0
2016-06-06,10.9881,11.3026,10.9633,10.7454,2431768.0
2016-06-03,10.2525,10.2827,9.8596,10.4922,2391488.0
2016-06-02,10.8486,10.9367,10.6885,10.785,2502845.0
2016-06-01,10.9139,11.1259,10.7835,10.7533,3281317.0
2016-05-31,10.8808,11.1304,10.8647,10.722,5073969.0
2016-05-27,10.6528,10.8604,10.6049,10.5422,2356340.0
2016-05-26,10.4015,10.4714,10.3162,10.4405,2268576.0
2016-05-25,10.6241,10.8718,10.5591,10.4249,1914555.0
2016-05-24,10.2858,10.4384,10.2537,10.1511,2358371.0
2016-05-23,10.0266,10.2332,9.9948,9.9478,2067068.0
2016-05-20,10.0913,10.346,10.0913,9.9243,3146637.0
2016-05-19,9.5441,9.6876,9.3214,9.7132,3178728.0
2016-05-18,10.1707,10.488,10.1707,9.9713,3606608.0
2016-05-17,9.9568,10.2408,9.9568,9.8461,2275464.0
2016-05-16,9.8546,10.0374,9.8148,9.7757,2595460.0
2016-05-13,9.5189,9.6489,9.3048,9.6272,2462910.0
2016-05-12,9.4869,9.6123,9.1549,9.7679,3871652.0
2016-05-11,9.6313,9.6751,9.303,9.9713,5722636.0
2016-05-10,10.3623,10.4524,10.2448,10.3545,2283215.0
2016-05-09,10.3944,10.5856,10.3546,10.2997,2272854.0
2016-05-06,10.3633,10.6585,10.3473,10.2606,3578308.0
2016-05-05,10.2528,10.4019,10.1273,10.2372,3715042.0
2016-05-04,10.1043,10.2754,9.9877,10.1355,3581567.0
2016-05-03,10.0622,10.0772,9.7477,10.2841,3711575.0
2016-05-02,10.5975,10.69,10.3585,10.6751,2607045.0
2016-04-29,10.8575,11.0431,10.7446,10.6908,4678677.0
2016-04-28,10.2902,10.4241,10.0257,10.5422,3602451.0
2016-04-27,11.141,11.3975,11.141,10.9175,3459901.0
2016-04-26,10.7776,10.905,10.698,10.6829,2320590.0
2016-04-25,10.3646,10.3789,10.0229,10.5187,2606503.0
2016-04-22,11.0125,11.431,11.0125,10.6986,4659746.0
2016-04-21,10.3779,10.6829,10.34,10.3779,3332251.0
2016-04-20,10.7771,11.2508,10.4895,10.3623,3982992.0
2016-04-19,10.1827,10.5306,10.1669,10.1277,4949204.0
2016-04-18,10.1534,10.4112,10.0808,10.0025,2271576.0
2016-04-15,9.9635,10.1049,9.9006,9.94,2251766.0
2016-04-14,9.9243,10.0653,9.8155,9.9165,2117338.0
2016-04-13,10.083,10.357,10.0266,9.9322,4035334.0
2016-04-12,9.8641,10.0657,9.7996,9.7132,5170243.0
2016-04-11,9.7098,10.1181,9.6853,9.502,3575639.0
2016-04-08,9.299,9.5602,9.2278,9.2439,3143488.0
2016-04-07,9.1508,9.3577,9.0075,9.0719,5037357.0
2016-04-06,9.2389,9.4656,8.9838,9.0797,2990622.0
2016-04-05,8.831,8.9072,8.69,8.9468,4037339.0
2016-04-04,9.1816,9.4029,9.1105,9.1345,2629152.0
2016-04-01,8.9572,8.9723,8.6397,9.111,4524542.0
2016-03-31,9.3613,9.5255,9.3143,9.3613,3852253.0
2016-03-30,9.3926,9.5816,9.2352,9.3613,4705301.0
2016-03-29,9.4171,9.581,9.2013,9.3143,3257777.0
2016-03-28,9.0597,9.1726,8.8076,9.2361,2278106.0
2016-03-24,9.4642,9.6003,9.3281,9.3534,2132138.0
2016-03-23,8.9814,9.0252,8.675,9.2987,2640645.0
2016-03-22,9.737,9.9014,9.6024,9.6741,2955488.0
2016-03-21,9.7761,9.9794,9.7167,9.7132,2819653.0
2016-03-18,10.0031,10.3599,9.887,9.7132,9364086.0
2016-03-17,9.5457,9.8766,9.4476,9.3378,3678337.0
2016-03-16,9.3261,9.7174,9.3261,9.1345,3423307.0
2016-03-15,8.8637,8.8637,8.3809,9.025,5592615.0
2016-03-14,8.9366,9.0818,8.6946,9.1579,5542551.0
2016-03-11,9.5446,9.756,9.4633,9.3613,3278426.0
2016-03-10,9.426,9.8188,9.426,9.1188,5461037.0
2016-03-09,8.7669,8.9236,8.6572,8.7591,2781080.0
2016-03-08,8.5272,8.5725,8.2556,8.6809,3474532.0
2016-03-07,8.939,9.0296,8.7954,8.9077,4002823.0
2016-03-04,9.1318,9.5584,9.1318,8.9155,3683965.0
2016-03-03,9.1466,9.5929,9.1044,8.8138,3145222.0
2016-03-02,8.5559,8.6033,8.2086,8.5166,3759957.0
2016-03-01,8.4706,8.7506,8.2917,8.4318,5382742.0
2016-02-29,8.5041,8.8481,8.4481,8.3471,4662254.0
2016-02-26,8.0556,8.2508,7.9205,8.1621,3253318.0
2016-02-25,8.5115,8.8671,8.3543,8.216,3027632.0
2016-02-24,8.1527,8.4365,7.8758,7.9309,2762660.0
2016-02-23,7.854,8.0066,7.7242,7.8923,2903474.0
2016-02-22,8.1661,8.3676,8.1419,7.9848,2575112.0
2016-02-19,7.502,7.502,7.22,7.6457,2503374.0
2016-02-18,7.9728,8.1818,7.8442,7.8076,3029454.0
2016-02-17,7.7793,8.251,7.7533,7.638,4335309.0
2016-02-16,7.8261,8.2434,7.7835,7.4453,3381904.0
2016-02-12,7.5673,8.1555,7.5584,7.0368,4381672.0
2016-02-11,6.5051,6.6293,6.3654,6.4819,3718273.0
2016-02-10,6.5363,6.5969,6.3998,6.5898,5344285.0
2016-02-09,6.2709,6.278,5.9461,6.5513,10189497.0
2016-02-08,6.6379,6.6451,6.2088,6.8904,3613128.0
2016-02-05,7.322,7.4374,7.2105,7.3297,3490502.0
2016-02-04,7.6914,8.2059,7.5819,7.3528,3440585.0
2016-02-03,7.3809,7.7499,7.0328,7.0754,3704382.0
2016-02-02,6.4639,6.5432,6.1813,6.7516,4552859.0
2016-02-01,7.0246,7.0874,6.7809,7.1755,4179555.0
2016-01-29,7.7492,8.1925,7.7236,7.3682,5873461.0
2016-01-28,6.567,6.7386,6.1759,6.9597,5005175.0
2016-01-27,7.6124,8.3669,7.604,7.2989,7304017.0
2016-01-26,7.7336,8.2462,7.7075,7.2835,3971165.0
2016-01-25,6.5912,6.6199,6.319,6.8364,5801317.0
2016-01-22,7.0453,7.2332,6.8492,7.1216,5801973.0
2016-01-21,7.1221,7.4045,7.0594,7.0599,4435725.0
2016-01-20,7.2277,7.6489,6.9838,6.9135,7800069.0
2016-01-19,6.6083,6.756,6.4533,6.7516,5302614.0
2016-01-15,6.8379,6.9727,6.6679,6.9366,6395720.0
2016-01-14,7.2142,7.2677,6.9085,7.2449,5327653.0
2016-01-13,6.7917,6.8811,6.3533,7.2603,5927814.0
2016-01-12,7.6086,7.7061,7.3538,7.7151,4644422.0
2016-01-11,7.5488,7.5969,7.2457,7.7074,5127842.0
2016-01-08,7.7023,7.8137,7.4498,7.8461,7169790.0
2016-01-07,7.5691,7.6395,7.1885,7.9155,6119111.0
2016-01-06,8.2137,8.2467,7.9353,8.4241,5080532.0
2016-01-05,8.6185,8.7983,8.1989,8.7401,5980697.0
2016-01-04,8.9885,9.1867,8.8617,8.8635,7240739.0
2015-12-31,8.9421,9.1716,8.8867,8.8249,2631775.0
2015-12-30,8.581,8.6122,8.4247,8.7324,3204537.0
2015-12-29,8.8558,8.9945,8.7864,8.8558,4835636.0
2015-12-28,8.0978,8.1042,7.3268,8.8326,9365302.0
2015-12-24,10.0374,10.4977,10.0291,9.719,1909422.0
2015-12-23,9.6832,10.0129,9.6503,9.3644,11500292.0
2015-12-22,8.911,8.9787,8.7304,9.0176,7401199.0
2015-12-21,8.8839,8.9206,8.575,9.0947,3757257.0
2015-12-18,8.8387,8.8957,8.5034,9.1872,12972289.0
2015-12-17,9.3783,9.4626,9.1365,9.6188,5703462.0
2015-12-16,10.1197,10.5515,10.0137,9.8423,7846281.0
2015-12-15,9.6041,9.8197,9.5884,9.5224,3823594.0
2015-12-14,9.2205,9.3697,8.9594,9.3721,4373368.0
2015-12-11,9.5418,9.6346,9.4024,9.5186,5474947.0
2015-12-10,10.0533,10.7121,10.0276,9.5417,4388571.0
2015-12-09,9.0871,9.4369,9.0638,9.0484,3540233.0
2015-12-08,8.949,9.0209,8.7675,9.033,3097254.0
2015-12-07,9.1259,9.2324,8.9282,9.1872,3763317.0
2015-12-04,9.5006,9.8157,9.5006,9.2797,3626332.0
2015-12-03,8.8303,8.878,8.5514,9.0484,4800042.0
2015-12-02,9.1874,9.3095,9.0577,9.2334,5222343.0
2015-12-01,9.559,9.8152,9.4469,9.3171,4723854.0
2015-11-30,9.0661,9.0889,8.7766,9.0585,5966622.0
2015-11-27,8.9444,8.9748,8.8153,8.952,675985.0
2015-11-25,8.8312,8.8387,8.7343,8.9216,1470621.0
2015-11-24,9.0816,9.2509,8.9662,9.0281,4028096.0
2015-11-23,9.0967,9.3426,9.0199,9.0509,5254081.0
2015-11-20,9.0818,9.1899,8.9737,9.0128,7120161.0
2015-11-19,8.6331,8.7119,8.3611,8.8988,6968700.0
2015-11-18,9.2418,9.3425,9.1256,9.1574,2368638.0
2015-11-17,8.938,8.9677,8.7746,9.0433,2191472.0
2015-11-16,9.1041,9.2332,8.9371,9.1117,3678016.0
2015-11-13,8.8335,8.8335,8.4571,9.1421,3754337.0
2015-11-12,9.1819,9.2818,8.9822,9.3095,4548172.0
2015-11-11,9.3504,9.3945,9.108,9.5148,2600590.0
2015-11-10,9.5174,9.5689,9.1788,9.6745,3286077.0
2015-11-09,9.6047,9.6698,9.2648,9.8495,2206068.0
2015-11-06,10.0398,10.1001,9.8552,10.0853,2481376.0
2015-11-05,9.9274,10.0177,9.6016,10.0624,3038026.0
2015-11-04,10.1539,10.4969,10.0672,10.1993,3982518.0
2015-11-03,10.1766,10.313,9.4865,10.1917,4316712.0
2015-11-02,10.4463,10.6674,10.4305,10.2526,2363458.0
2015-10-30,9.964,10.009,9.8815,10.032,2088401.0
2015-10-29,9.7248,9.8099,9.3418,10.07,3052223.0
2015-10-28,10.7851,11.1064,10.6486,10.496,3507364.0
2015-10-27,10.2146,10.2604,9.9934,10.1993,4673488.0
2015-10-26,10.2224,10.2412,9.9208,10.2678,3931623.0
2015-10-23,10.668,11.2222,10.5946,10.3058,6200644.0
2015-10-22,9.8343,9.9706,9.6223,9.8571,7367958.0
2015-10-21,9.8574,10.0957,9.7267,9.8038,5371965.0
2015-10-20,9.8946,10.2279,9.863,9.6289,5913879.0
2015-10-19,9.409,9.494,9.2621,9.3323,6179626.0
2015-10-16,9.4558,9.6435,9.3463,9.3247,3073711.0
2015-10-15,9.3202,9.5214,9.2886,9.1497,3922113.0
2015-10-14,8.8393,8.9432,8.6762,8.952,5383798.0
2015-10-13,9.0509,9.1465,9.0051,9.0281,5282966.0
2015-10-12,8.9602,9.0201,8.8256,9.0357,3388512.0
2015-10-09,8.9616,9.1314,8.7845,9.0965,6033029.0
2015-10-08,9.1802,9.2786,9.0894,9.203,5464278.0
2015-10-07,9.3059,9.5995,9.2821,9.1117,8565584.0
2015-10-06,9.0003,9.2523,8.9688,8.8455,5169279.0
2015-10-05,9.0466,9.5201,9.0466,8.7314,5702521.0
2015-10-02,8.6313,8.9287,8.5349,8.3968,7013749.0
2015-10-01,8.1283,8.1644,7.7233,8.3359,11040348.0
2015-09-30,8.1778,8.2614,7.6176,8.5489,9979767.0
2015-09-29,8.46,8.5087,8.0634,8.8455,8504178.0
2015-09-28,9.0696,9.1318,8.7734,9.2486,5093964.0
2015-09-25,9.3563,9.4083,9.1778,9.4616,4674003.0
2015-09-24,9.6305,9.7788,9.5759,9.5072,4376088.0
2015-09-23,9.5534,9.6768,9.4762,9.4844,3997011.0
2015-09-22,9.3557,9.4605,9.0638,9.4312,3926577.0
2015-09-21,9.5684,9.6285,9.4743,9.6213,4151190.0
2015-09-18,9.8387,10.1326,9.746,9.6289,9403097.0
2015-09-17,9.4623,9.6492,9.3278,9.5452,5278393.0
2015-09-16,9.8391,10.1095,9.8391,9.6213,7558031.0
2015-09-15,9.1351,9.1351,8.8017,9.4083,4440029.0
2015-09-14,9.4616,9.5224,9.3399,9.4616,4123232.0
2015-09-11,9.4162,9.4539,9.1944,9.4692,7487718.0
2015-09-10,9.8714,10.1681,9.8313,9.6137,5694657.0
2015-09-09,9.2348,9.309,9.064,9.3475,4643493.0
2015-09-08,9.032,9.2092,8.5995,9.3551,5676822.0
2015-09-04,9.0661,9.1722,8.9372,9.0813,3019932.0
2015-09-03,9.2031,9.3314,9.1202,9.241,3555263.0
2015-09-02,9.0696,9.1647,8.7551,9.2486,3843304.0
2015-09-01,9.1526,9.255,8.9989,9.2711,3658508.0
2015-08-31,9.4975,9.5342,9.3139,9.6015,5772299.0
2015-08-28,9.8876,10.0558,9.7881,9.7966,2634685.0
2015-08-27,9.9038,10.1165,9.7956,9.7591,4580211.0
2015-08-26,9.6059,9.8412,9.4177,9.3988,4831183.0
2015-08-25,8.2254,8.2254,7.4732,9.0384,9032839.0
2015-08-24,9.5984,10.0732,9.2746,9.8041,7450659.0
2015-08-21,10.3601,10.575,10.2934,10.4272,2829301.0
2015-08-20,10.2842,10.3234,10.0134,10.5548,3007665.0
2015-08-19,10.9453,10.9975,10.8632,10.9752,1921647.0
2015-08-18,11.0059,11.0946,10.7988,11.0878,2603689.0
2015-08-17,11.1857,11.3372,11.072,11.1329,3502979.0
2015-08-14,11.028,11.0578,10.8421,11.0803,4360301.0
2015-08-13,10.7679,10.8174,10.4149,11.1029,3443567.0
2015-08-12,11.3597,11.3597,11.081,11.4932,2995734.0
2015-08-11,11.4491,11.7219,11.3238,11.5533,2697594.0
2015-08-10,12.1111,12.3504,12.1111,11.9436,1713108.0
2015-08-07,11.9247,12.1462,11.8936,11.7184,2263907.0
2015-08-06,11.3246,11.3246,10.9919,11.5383,3549583.0
2015-08-05,11.7109,11.9508,11.6922,11.7184,2445369.0
2015-08-04,11.6809,11.7895,11.6285,11.6959,1749373.0
2015-08-03,11.674,11.7554,11.5148,11.756,2109996.0
2015-07-31,11.6966,11.7557,11.5709,11.786,2987248.0
2015-07-30,11.5321,11.5909,11.3779,11.6584,2955214.0
2015-07-29,11.8385,11.9436,11.8085,11.8385,2008183.0
2015-07-28,11.9061,11.9815,11.8685,11.8836,2272992.0
2015-07-27,11.4868,11.7002,11.181,11.801,2518530.0
2015-07-24,12.0061,12.0864,11.8236,12.1764,2282239.0
2015-07-23,12.3492,12.4588,12.2206,12.304,2610848.0
2015-07-22,11.8623,11.8623,11.4994,12.1839,3441288.0
2015-07-21,12.56,12.7773,12.56,12.4616,3615854.0
2015-07-20,11.927,11.927,11.5193,12.3265,4692554.0
2015-07-17,12.9644,13.3109,12.9565,12.6568,3114756.0
2015-07-16,12.4992,12.4992,12.3494,12.5142,3180562.0
2015-07-15,12.357,12.3718,12.1196,12.4316,4133519.0
2015-07-14,12.7296,13.6263,12.6176,12.3265,8538103.0
2015-07-13,14.5183,15.4095,14.5099,13.7829,2258746.0
2015-07-10,13.4893,13.4893,13.1661,13.7904,2492940.0
2015-07-09,13.718,13.8129,13.5063,13.9105,1422322.0
2015-07-08,13.7261,13.748,13.4932,13.9405,1865451.0
2015-07-07,14.4774,14.7411,14.3377,14.2408,2724954.0
2015-07-06,14.2774,14.5989,14.2774,13.9705,2253678.0
2015-07-02,13.7832,13.8278,13.6531,13.8504,1941471.0
2015-07-01,13.9183,14.032,13.8198,13.8504,2452605.0
2015-06-30,13.6778,13.8205,13.5951,13.6702,1641632.0
2015-06-29,13.4101,13.5488,13.2128,13.5952,1975671.0
2015-06-26,13.6797,13.7897,13.5111,13.8429,3702122.0
2015-06-25,13.7258,13.7404,13.5144,13.9292,1487690.0
2015-06-24,13.9286,14.016,13.7099,14.1357,2881345.0
2015-06-23,14.3384,14.4547,14.3309,14.3384,1635551.0
2015-06-22,14.2859,14.3719,14.226,14.3083,1546264.0
2015-06-19,14.2408,14.2861,14.1127,14.2107,5057832.0
2015-06-18,14.5236,14.8393,14.5002,14.252,2723891.0
2015-06-17,13.5778,13.599,13.0195,13.993,2300645.0
2015-06-16,14.391,14.5792,14.2629,14.3684,1887736.0
2015-06-15,14.2044,14.2044,13.9979,14.3309,1381641.0
2015-06-12,14.5188,14.556,14.3701,14.5861,972312.0
2015-06-11,14.7746,14.9386,14.7213,14.6612,1745192.0
2015-06-10,14.9173,15.2796,14.8307,14.5636,1741554.0
2015-06-09,14.025,14.0763,13.8269,14.1882,1779443.0
2015-06-08,14.3159,14.4511,14.2858,14.3083,1276347.0
2015-06-05,14.3084,14.488,14.2186,14.3309,1449331.0
2015-06-04,14.0939,14.1667,13.8681,14.3083,1638129.0
2015-06-03,14.7071,14.9001,14.6766,14.5936,1496264.0
2015-06-02,14.5424,14.7012,14.5424,14.4298,2236456.0
2015-06-01,14.3703,14.4889,14.2072,14.4,1257553.0
2015-05-29,14.2886,14.2886,14.1261,14.3479,1854960.0
2015-05-28,14.3405,14.4518,14.2588,14.3628,1390198.0
2015-05-27,14.5123,14.7045,14.4218,14.4224,1625358.0
2015-05-26,14.089,14.1983,13.9142,14.2437,2441408.0
2015-05-22,14.348,14.4516,14.2962,14.3926,1273674.0
2015-05-21,14.5568,14.7448,14.5455,14.4819,2003130.0
2015-05-20,14.3481,14.3777,14.2446,14.4,1788827.0
2015-05-19,14.5816,14.8113,14.5816,14.3777,3048606.0
2015-05-18,14.199,14.3332,14.117,14.1915,2606585.0
2015-05-15,13.7424,13.7631,13.1828,14.266,2791140.0
2015-05-14,14.6908,14.7903,14.4475,14.7649,3173318.0
2015-05-13,14.5223,14.5874,14.2981,14.7351,2002389.0
2015-05-12,15.0858,15.2368,15.0178,14.9808,1283463.0
2015-05-11,14.8617,14.9212,14.8245,14.8691,3269881.0
2015-05-08,15.034,15.2158,15.0265,14.9063,1442255.0
2015-05-07,14.81,14.9079,14.6707,14.7276,1753565.0
2015-05-06,14.5787,14.7202,14.5266,14.5787,1883639.0
2015-05-05,14.5638,14.6939,14.4896,14.5787,2989339.0
2015-05-04,14.5272,14.6668,14.417,14.6234,1913619.0
2015-05-01,14.7427,14.8326,14.6977,14.6978,2618453.0
2015-04-30,14.4308,14.5626,14.2916,14.5489,2319491.0
2015-04-29,14.5281,14.5938,14.3311,14.6755,1755813.0
2015-04-28,14.817,14.8765,14.6457,14.817,2135871.0
2015-04-27,14.4592,14.5234,14.1314,14.7797,1487952.0
2015-04-24,15.0037,15.0625,14.8861,15.0999,1790384.0
2015-04-23,15.2266,15.4194,15.145,15.2563,1883471.0
2015-04-22,15.4204,15.7513,15.2776,15.3456,2812837.0
2015-04-21,15.3084,15.4727,15.2039,15.2861,2664510.0
2015-04-20,15.5989,16.1282,15.5786,15.2563,1566051.0
2015-04-17,14.6482,14.8514,14.4378,14.8393,1922822.0
2015-04-16,15.0554,15.1589,14.9593,15.1074,2021057.0
2015-04-15,15.1371,15.2562,15.0776,15.1446,1644465.0
2015-04-14,15.1967,15.3982,15.1296,15.1818,1517674.0
2015-04-13,15.3772,15.6815,15.3772,15.2116,1251305.0
2015-04-10,15.0776,15.2635,15.033,15.085,1910766.0
2015-04-09,15.2044,15.4145,15.1519,15.1446,2456847.0
2015-04-08,15.1449,15.2951,15.0322,15.0776,1793076.0
2015-04-07,14.8478,14.8625,14.7087,14.9733,1593250.0
2015-04-06,15.2271,15.3704,15.1517,15.1297,1347582.0
2015-04-02,15.2871,15.4764,15.2038,15.1595,1849372.0
2015-04-01,15.0627,15.1966,14.9139,15.0701,2074275.0
2015-03-31,15.4876,16.0098,15.4876,15.1371,3828183.0
2015-03-30,14.8695,14.8695,14.7002,14.951,2021002.0
2015-03-27,15.1231,15.3801,15.0324,15.0106,1749064.0
2015-03-26,14.9439,14.9439,14.7852,15.0106,1710428.0
2015-03-25,14.8165,14.8914,14.5026,15.1371,2999606.0
2015-03-24,15.3385,15.3902,15.1542,15.4126,1757346.0
2015-03-23,15.435,15.6431,15.3458,15.4499,2750105.0
2015-03-20,15.4052,15.6432,15.3643,15.4126,4797564.0
2015-03-19,15.9059,16.4825,15.8343,15.3903,2907554.0
2015-03-18,14.9809,15.0558,14.715,14.9361,1887751.0
2015-03-17,15.3005,15.6659,15.1528,14.9733,2691388.0
2015-03-16,14.8651,15.2106,14.8498,14.6383,2566837.0
2015-03-13,14.2299,14.2884,14.0543,14.3553,3043634.0
2015-03-12,14.7451,14.9822,14.7451,14.5489,2605666.0
2015-03-11,14.0461,14.1327,13.6924,14.266,3948114.0
2015-03-10,14.4224,14.6383,14.3043,14.4224,4398944.0
2015-03-09,14.5639,14.6752,14.5416,14.5862,2075723.0
2015-03-06,14.4251,14.6569,14.2005,14.6234,2117156.0
2015-03-05,14.8617,14.9322,14.6687,14.884,1830410.0
2015-03-04,15.1027,15.5923,14.942,14.8989,3011930.0
2015-03-03,15.3065,15.9219,15.1092,14.8102,4902313.0
2015-03-02,14.7439,15.2078,14.2568,14.4114,10895823.0
2015-02-27,15.5459,15.653,15.2387,15.8074,2271775.0
2015-02-26,16.2439,16.4609,16.1691,16.1398,1742617.0
2015-02-25,16.0069,16.1432,15.9332,16.029,2443935.0
2015-02-24,15.9554,16.1167,15.8967,16.0143,1657127.0
2015-02-23,16.2444,16.3946,16.1129,16.1103,1290575.0
2015-02-20,16.0883,16.2368,15.8951,16.0438,1670522.0
2015-02-19,16.0143,16.0957,15.8219,15.9995,1418279.0
2015-02-18,15.7951,15.8816,15.5429,15.9921,1882322.0
2015-02-17,16.0244,16.0964,15.7726,16.2359,3000023.0
2015-02-13,16.7486,17.0028,16.5968,16.5239,2490613.0
2015-02-12,16.6001,16.8534,16.4942,16.4058,2427991.0
2015-02-11,16.4993,16.8665,16.3923,16.2137,1928712.0
2015-02-10,16.0588,16.1405,15.8729,16.0069,1598800.0
2015-02-09,15.5018,15.5018,14.8166,15.933,2107723.0
2015-02-06,15.7484,15.8073,15.6011,15.7705,1764050.0
2015-02-05,16.0114,16.3477,15.8739,15.741,2165708.0
2015-02-04,15.5639,15.7721,15.34,15.512,2554434.0
2015-02-03,16.314,17.1086,16.2735,15.5711,2543134.0
2015-02-02,15.0352,15.3397,14.8982,14.8102,3120747.0
2015-01-30,14.8521,15.3043,14.7142,14.5813,4173880.0
2015-01-29,14.6902,15.0437,14.6749,14.404,5054293.0
2015-01-28,14.1421,14.1421,13.8921,14.3818,2721528.0
2015-01-27,14.9041,15.2493,14.8887,14.6256,3047923.0
2015-01-26,14.5826,14.7785,14.5148,14.4409,2113521.0
2015-01-23,14.3083,14.6885,14.1402,14.3818,2134458.0
2015-01-22,14.3189,14.5909,13.8014,14.5443,2551708.0
2015-01-21,15.3114,16.0045,13.6703,14.7438,3084051.0
2015-01-20,14.1204,14.1448,13.6529,14.5295,1791675.0
2015-01-16,14.9882,15.1815,14.8384,14.8841,1804628.0
2015-01-15,14.8842,15.1586,14.7358,14.8546,1608205.0
2015-01-14,14.9063,15.0695,14.7161,14.8767,1753463.0
2015-01-13,14.8916,15.1119,14.6603,14.9358,2188825.0
2015-01-12,14.6519,14.7791,14.3019,14.8989,1431640.0
2015-01-09,15.1574,15.3196,15.01,15.1722,1629940.0
2015-01-08,14.8559,15.1446,14.3631,15.2165,3124252.0
2015-01-07,15.394,15.482,15.1448,15.4529,2889334.0
2015-01-06,15.2412,15.3528,14.9136,15.4381,1419926.0
2015-01-05,15.1759,15.2529,14.7347,15.5858,1102299.0
2015-01-02,16.1993,16.4231,16.0576,16.1177,942587.0
2014-12-31,15.6157,15.7288,15.2693,15.9626,1057798.0
2014-12-30,16.3549,16.5122,16.3399,16.2396,1645233.0
2014-12-29,16.0224,16.1026,15.8985,16.1325,1055440.0
2014-12-26,16.0819,16.1111,15.9186,16.2211,836280.0
2014-12-24,16.172,16.3448,15.9631,16.3762,616905.0
2014-12-23,16.2475,16.2475,15.9756,16.5092,1288767.0
2014-12-22,16.7757,16.9328,16.6411,16.6717,2311778.0
2014-12-19,17.1539,17.8636,17.1539,16.5092,7128021.0
2014-12-18,15.963,16.1048,15.8361,15.8813,1684515.0
2014-12-17,15.944,16.1953,15.8603,15.704,1731681.0
2014-12-16,15.306,15.5316,15.1824,15.4233,2667813.0
2014-12-15,15.6304,15.7869,15.5634,15.5637,1978560.0
2014-12-12,14.9556,15.172,14.5229,15.3864,1542726.0
2014-12-11,15.978,16.1801,15.9032,15.8739,4588901.0
2014-12-10,15.6307,15.9155,15.5284,15.7188,2887488.0
2014-12-09,16.152,16.435,16.1184,15.8739,2398485.0
2014-12-08,15.9358,16.2998,15.8903,15.7262,2183500.0
2014-12-05,15.6236,15.9083,15.6236,15.512,2982823.0
2014-12-04,15.3938,15.5418,15.2613,15.379,1446810.0
2014-12-03,15.4603,15.5788,15.201,15.4381,2045715.0
2014-12-02,15.3575,15.5549,15.2185,15.3794,1333695.0
2014-12-01,15.3575,15.6149,15.2471,15.3354,2833376.0
2014-11-28,15.3501,15.7158,15.2477,15.3721,632426.0
2014-11-26,15.3062,15.3573,15.2039,15.3354,1734105.0
2014-11-25,15.3794,15.4456,15.328,15.3648,2540107.0
2014-11-24,15.1834,15.2838,14.9755,15.3574,2107232.0
2014-11-21,15.689,15.876,15.5843,15.5334,2867071.0
2014-11-20,15.1741,15.2913,15.1081,15.1814,2741860.0
2014-11-19,15.3145,15.4934,15.3145,15.1887,1031334.0
2014-11-18,15.4243,15.6813,15.3871,15.3061,1472078.0
2014-11-17,15.6224,16.0143,15.6071,15.2621,1436762.0
2014-11-14,14.7235,14.7447,14.3829,14.9687,2158055.0
2014-11-13,15.4936,15.7513,15.3647,15.2401,2629723.0
2014-11-12,14.6253,14.7333,14.431,14.7634,2179877.0
2014-11-11,14.9766,15.0879,14.8512,14.8881,1819417.0
2014-11-10,14.8367,14.9728,14.7926,14.8147,2319392.0
2014-11-07,14.9403,15.0968,14.836,14.822,2476343.0
2014-11-06,15.0254,15.3226,14.9492,14.7414,2726273.0
2014-11-05,14.3455,14.3819,13.981,14.3893,3538759.0
2014-11-04,14.1053,14.1196,13.8904,14.272,2013661.0
2014-11-03,14.8688,15.1476,14.7557,14.668,2863163.0
2014-10-31,14.5952,14.7437,14.5173,14.5067,3215094.0
2014-10-30,14.4946,14.7206,14.4343,14.3013,1859731.0
2014-10-29,14.3111,14.552,14.1906,14.1253,1961049.0
2014-10-28,14.0898,14.2615,14.0226,13.964,1842489.0
2014-10-27,13.7953,13.8246,13.671,13.8173,1602448.0
2014-10-24,13.9722,14.2181,13.9722,13.8613,1436577.0
2014-10-23,13.7661,13.958,13.648,13.7219,2624968.0
2014-10-22,13.3948,13.5943,13.1739,13.5899,4271022.0
2014-10-21,13.7368,13.7732,13.5181,13.7806,3410493.0
2014-10-20,13.7666,14.0716,13.6699,13.6706,2515974.0
2014-10-17,14.326,15.0452,14.3099,13.6486,4878778.0
2014-10-16,13.2759,13.7933,13.2682,12.9372,3868309.0
2014-10-15,12.8645,13.2214,12.7827,12.7759,3793116.0
2014-10-14,12.8789,13.0345,12.8789,12.8125,3239694.0
2014-10-13,12.4858,12.6207,12.2798,12.6879,3456579.0
2014-10-10,12.4396,12.5835,12.2886,12.5595,4295154.0
2014-10-09,12.6439,12.717,12.5085,12.6585,3039139.0
2014-10-08,12.7687,12.8501,12.5543,12.7172,4953239.0
2014-10-07,12.5285,12.6322,12.3712,12.6879,2698982.0
2014-10-06,12.9522,13.1745,12.9003,12.8859,3435225.0
2014-10-03,12.7685,12.935,12.6881,12.7832,1739285.0
2014-10-02,12.7759,12.9376,12.6693,12.7612,1741525.0
2014-10-01,12.5955,12.688,12.3893,12.7905,2330367.0
2014-09-30,13.0401,13.2101,13.0179,12.9885,1678906.0
2014-09-29,13.0332,13.2711,12.9885,12.9445,1386657.0
2014-09-26,12.9446,12.9884,12.8203,12.9665,956200.0
2014-09-25,12.9303,13.0028,12.7707,13.0032,1494510.0
2014-09-24,13.3742,13.6175,13.2905,13.1352,1947687.0
2014-09-23,12.7485,12.8415,12.5661,12.9079,1776000.0
2014-09-22,13.0913,13.209,13.0103,13.0692,1560000.0
2014-09-19,13.0401,13.0474,12.9384,13.0986,2140300.0
2014-09-18,13.0986,13.1867,13.0692,13.0912,1817400.0
2014-09-17,13.3082,13.6504,13.3082,13.0692,1182700.0
2014-09-16,12.9604,13.1549,12.8856,12.8345,981500.0
2014-09-15,12.5582,12.5582,12.2728,12.7319,1394400.0
2014-09-12,13.1161,13.3427,13.1161,12.9225,1343100.0
2014-09-11,12.9536,13.145,12.9536,12.8052,1300400.0
2014-09-10,12.6444,12.6444,12.4488,12.7245,1206100.0
2014-09-09,12.609,12.6662,12.4372,12.71,1588800.0
2014-09-08,12.7976,12.9919,12.6176,12.8627,1883300.0
2014-09-05,12.8559,12.9636,12.662,12.9354,2305200.0
2014-09-04,13.059,13.2153,13.059,13.059,1609900.0
2014-09-03,13.0518,13.1097,12.9793,13.0735,1309400.0
2014-09-02,13.1027,13.2415,13.0589,13.0735,1560700.0
2014-08-29,13.2064,13.4151,13.1542,13.0445,1990200.0
2014-08-28,12.9576,13.09,12.8914,12.8845,911200.0
2014-08-27,12.9724,13.1126,12.9724,12.8772,840200.0
2014-08-26,12.8118,12.9137,12.7608,12.8045,917000.0
2014-08-25,12.929,13.1214,12.9069,12.819,769600.0
2014-08-22,12.71,12.8413,12.6735,12.6882,1062000.0
2014-08-21,12.6664,12.6954,12.5144,12.6954,1167200.0
2014-08-20,12.9615,13.252,12.9087,12.7245,1279200.0
2014-08-19,12.5719,12.6516,12.4523,12.5936,1413900.0
2014-08-18,12.8217,13.1061,12.7768,12.6373,2932800.0
2014-08-15,12.2745,12.3389,12.0599,12.3755,1595100.0
2014-08-14,12.47,12.4846,12.39,12.47,1448200.0
2014-08-13,12.4991,12.5611,12.4408,12.4846,940900.0
2014-08-12,12.4264,12.47,12.3029,12.4337,1166900.0
2014-08-11,12.2545,12.2828,12.0709,12.4337,1096300.0
2014-08-08,12.8471,13.1854,12.7406,12.5646,3591800.0
2014-08-07,12.1297,12.2364,11.9311,12.2592,1392800.0
2014-08-06,12.4048,12.5734,12.3608,12.3537,2538600.0
2014-08-05,12.238,12.367,12.1017,12.3246,2083500.0
2014-08-04,12.3764,12.3907,12.1335,12.4846,1700400.0
2014-08-01,12.7108,12.9325,12.6665,12.6082,1832500.0
2014-07-31,12.271,12.572,12.033,12.5064,3568000.0
2014-07-30,12.696,12.8897,12.5382,12.7827,3032300.0
2014-07-29,12.7049,12.8324,12.5064,12.8699,3500400.0
2014-07-28,13.2204,13.4061,13.1165,13.0808,2900400.0
2014-07-25,12.9718,13.1529,12.8848,12.9936,1967600.0
2014-07-24,13.1027,13.2709,13.1027,13.0663,2131800.0
2014-07-23,13.0954,13.1465,13.0662,13.0735,1414400.0
2014-07-22,13.132,13.2128,13.0953,13.0663,1774500.0
2014-07-21,13.1408,13.3269,13.0812,12.9863,2268500.0
2014-07-18,12.8192,12.8192,12.6386,12.8627,2191700.0
2014-07-17,12.8772,13.3067,12.8772,12.8699,2805800.0
2014-07-16,13.0377,13.1886,12.8757,12.9572,3180600.0
2014-07-15,12.6625,12.7329,12.4196,12.8699,3716200.0
2014-07-14,13.1099,13.1792,13.0005,13.0881,2796700.0
2014-07-11,13.0665,13.1582,13.0152,13.0081,6752700.0
2014-07-10,13.105,13.3516,13.0751,12.9281,2692500.0
2014-07-09,12.9723,13.0755,12.9502,12.8845,2496900.0
2014-07-08,12.7972,12.8699,12.6809,12.7972,4540600.0
2014-07-07,12.8336,12.9208,12.7972,12.8336,1747300.0
2014-07-03,12.8265,12.9204,12.7687,12.8699,1953700.0
2014-07-02,12.9354,13.0739,12.8516,12.9208,2509900.0
2014-07-01,12.9092,13.0398,12.8947,12.9223,2274000.0
2014-06-30,12.841,13.0,12.7542,12.8772,2023700.0
2014-06-27,13.1412,13.365,13.1412,12.9717,4649500.0
2014-06-26,12.9139,12.9874,12.8772,12.8481,931700.0
2014-06-25,12.8118,12.9282,12.7535,12.8045,5173500.0
2014-06-24,12.8336,12.9063,12.7755,12.8372,2609200.0
2014-06-23,13.0248,13.2637,13.0248,12.8554,4460000.0
2014-06-20,12.8277,13.0133,12.7312,12.6954,3907900.0
2014-06-19,12.6314,12.8616,12.4197,12.4991,3754000.0
2014-06-18,12.6266,12.8978,12.5739,12.4046,2268100.0
2014-06-17,12.3547,12.5545,12.3177,12.2446,1268800.0
2014-06-16,12.2889,12.4585,12.2446,12.201,804900.0
2014-06-13,12.0848,12.186,11.9619,12.121,1485600.0
2014-06-12,12.1212,12.2582,12.0275,12.1719,2336400.0
2014-06-11,12.3838,12.5614,12.3838,12.2737,1857100.0
2014-06-10,12.274,12.4795,12.2593,12.2155,3441800.0
2014-06-09,12.37,12.5189,12.1912,12.2228,3169300.0
2014-06-06,12.0559,12.1926,11.948,12.121,1622700.0
2014-06-05,12.6049,13.1161,12.5027,12.121,4582400.0
2014-06-04,11.7686,12.0402,11.7536,11.5539,3231500.0
2014-06-03,10.8737,10.8737,10.3103,11.4026,3483500.0
2014-06-02,11.3666,11.4384,11.3307,11.3882,2986800.0
2014-05-30,11.5048,11.7109,11.5048,11.381,5261300.0
2014-05-29,11.2586,11.3231,11.1155,11.2946,3463400.0
2014-05-28,11.0548,11.0755,10.8099,11.2946,4219100.0
2014-05-27,11.432,11.6096,11.2188,11.5106,1726900.0
2014-05-23,11.6261,11.7206,11.6043,11.5755,2826400.0
2014-05-22,11.5979,11.7443,11.5686,11.5034,2128900.0
2014-05-21,11.4746,11.6187,11.3954,11.4746,1743600.0
2014-05-20,11.3677,11.4136,11.17,11.4818,9754800.0
2014-05-19,11.7298,11.9382,11.6582,11.5395,4532400.0
2014-05-16,11.5701,11.7844,11.5701,11.4242,2786900.0
2014-05-15,11.3957,11.6431,11.3448,11.3378,4919000.0
2014-05-14,11.3162,11.5099,11.1225,11.3378,4577500.0
2014-05-13,11.4677,11.722,11.4677,11.417,8292000.0
2014-05-12,11.2561,11.4428,10.907,11.489,6980100.0
2014-05-09,11.7124,11.8632,11.5183,11.7267,2797000.0
2014-05-08,11.8133,11.9135,11.7059,11.8492,5668200.0
2014-05-07,12.1327,12.3181,12.0585,11.9572,5692900.0
2014-05-06,11.5231,11.5991,11.2193,11.77,14309200.0
2014-05-05,12.0227,12.257,11.7386,12.1085,3978400.0
2014-05-02,12.1663,12.3737,12.0662,12.2094,2995000.0
2014-05-01,12.9138,13.9072,12.9138,12.2454,3650100.0
2014-04-30,11.8141,11.8141,11.5736,11.9212,26746200.0
2014-04-29,12.0582,12.2469,11.9349,12.0149,648500.0
2014-04-28,11.8233,11.8233,11.4392,12.0077,1187900.0
2014-04-25,12.1589,12.1733,11.7416,12.1661,1086500.0
2014-04-24,11.8225,11.8295,11.5418,11.9789,368900.0
2014-04-23,12.0653,12.094,11.9936,12.0869,1608900.0
2014-04-22,12.225,12.497,12.225,12.1013,576700.0
2014-04-21,12.0086,12.2917,11.5557,12.1157,444300.0
2014-04-17,13.8618,16.0612,13.8618,12.2382,951100.0
